version,ticker,name,asset_type,region,category,active,liquidity_class,source_group
2026.08.11-v1,000270.KS,Kia,Aktie,Asien,Automobil,true,B,Kuratiertes Prognoseuniversum
2026.08.11-v1,000660.KS,SK Hynix,Aktie,Asien,Halbleiter,true,B,Kuratiertes Prognoseuniversum
2026.08.11-v1,005380.KS,Hyundai Motor,Aktie,Asien,Automobil,true,B,Kuratiertes Prognoseuniversum
2026.08.11-v1,005930.KS,Samsung Electronics,Aktie,Asien,Technologie,true,B,Kuratiertes Prognoseuniversum
2026.08.11-v1,035420.KS,Naver,Aktie,Asien,Technologie,true,B,Kuratiertes Prognoseuniversum
2026.08.11-v1,035720.KS,Kakao,Aktie,Asien,Technologie,true,B,Kuratiertes Prognoseuniversum
2026.08.11-v1,0388.HK,Hong Kong Exchanges,Aktie,Asien,Finanzen,true,B,Kuratiertes Prognoseuniversum
2026.08.11-v1,0700.HK,Tencent Holdings,Aktie,Asien,Technologie,true,B,Kuratiertes Prognoseuniversum
2026.08.11-v1,0883.HK,CNOOC,Aktie,Asien,Energie,true,B,Kuratiertes Prognoseuniversum
2026.08.11-v1,0939.HK,China Construction Bank,Aktie,Asien,Finanzen,true,B,Kuratiertes Prognoseuniversum
2026.08.11-v1,0941.HK,China Mobile,Aktie,Asien,Telekommunikation,true,B,Kuratiertes Prognoseuniversum
2026.08.11-v1,1024.HK,Kuaishou Technology,Aktie,Asien,Medien,true,B,Kuratiertes Prognoseuniversum
2026.08.11-v1,1211.HK,BYD,Aktie,Asien,Automobil,true,B,Kuratiertes Prognoseuniversum
2026.08.11-v1,1299.HK,AIA Group,Aktie,Asien,Finanzen,true,B,Kuratiertes Prognoseuniversum
2026.08.11-v1,1398.HK,ICBC,Aktie,Asien,Finanzen,true,B,Kuratiertes Prognoseuniversum
2026.08.11-v1,1810.HK,Xiaomi Corporation,Aktie,Asien,Technologie,true,B,Kuratiertes Prognoseuniversum
2026.08.11-v1,207940.KS,Samsung Biologics,Aktie,Asien,Gesundheit,true,B,Kuratiertes Prognoseuniversum
2026.08.11-v1,2308.TW,Delta Electronics,Aktie,Asien,Industrie,true,B,Kuratiertes Prognoseuniversum
2026.08.11-v1,2317.TW,Hon Hai Precision,Aktie,Asien,Technologie,true,B,Kuratiertes Prognoseuniversum
2026.08.11-v1,2318.HK,Ping An Insurance,Aktie,Asien,Finanzen,true,B,Kuratiertes Prognoseuniversum
2026.08.11-v1,2330.TW,Taiwan Semiconductor,Aktie,Asien,Halbleiter,true,B,Kuratiertes Prognoseuniversum
2026.08.11-v1,2382.TW,Quanta Computer,Aktie,Asien,Technologie,true,B,Kuratiertes Prognoseuniversum
2026.08.11-v1,2454.TW,MediaTek,Aktie,Asien,Halbleiter,true,B,Kuratiertes Prognoseuniversum
2026.08.11-v1,3690.HK,Meituan,Aktie,Asien,Konsum,true,B,Kuratiertes Prognoseuniversum
2026.08.11-v1,3711.TW,ASE Technology,Aktie,Asien,Halbleiter,true,B,Kuratiertes Prognoseuniversum
2026.08.11-v1,373220.KS,LG Energy Solution,Aktie,Asien,Energie,true,B,Kuratiertes Prognoseuniversum
2026.08.11-v1,4063.T,Shin Etsu Chemical,Aktie,Asien,Chemie,true,B,Kuratiertes Prognoseuniversum
2026.08.11-v1,4502.T,Takeda Pharmaceutical,Aktie,Asien,Gesundheit,true,B,Kuratiertes Prognoseuniversum
2026.08.11-v1,4503.T,Astellas Pharma,Aktie,Asien,Gesundheit,true,B,Kuratiertes Prognoseuniversum
2026.08.11-v1,4519.T,Chugai Pharmaceutical,Aktie,Asien,Gesundheit,true,B,Kuratiertes Prognoseuniversum
2026.08.11-v1,6098.T,Recruit Holdings,Aktie,Asien,IT Services,true,B,Kuratiertes Prognoseuniversum
2026.08.11-v1,6367.T,Daikin Industries,Aktie,Asien,Industrie,true,B,Kuratiertes Prognoseuniversum
2026.08.11-v1,6501.T,Hitachi,Aktie,Asien,Industrie,true,B,Kuratiertes Prognoseuniversum
2026.08.11-v1,6758.T,Sony Group,Aktie,Asien,Technologie,true,B,Kuratiertes Prognoseuniversum
2026.08.11-v1,6861.T,Keyence,Aktie,Asien,Industrie,true,B,Kuratiertes Prognoseuniversum
2026.08.11-v1,6954.T,Fanuc,Aktie,Asien,Industrie,true,B,Kuratiertes Prognoseuniversum
2026.08.11-v1,7203.T,Toyota Motor,Aktie,Asien,Automobil,true,B,Kuratiertes Prognoseuniversum
2026.08.11-v1,7267.T,Honda Motor,Aktie,Asien,Automobil,true,B,Kuratiertes Prognoseuniversum
2026.08.11-v1,7974.T,Nintendo,Aktie,Asien,Medien,true,B,Kuratiertes Prognoseuniversum
2026.08.11-v1,8001.T,Itochu,Aktie,Asien,Industrie,true,B,Kuratiertes Prognoseuniversum
2026.08.11-v1,8035.T,Tokyo Electron,Aktie,Asien,Halbleiter,true,B,Kuratiertes Prognoseuniversum
2026.08.11-v1,8058.T,Mitsubishi Corporation,Aktie,Asien,Industrie,true,B,Kuratiertes Prognoseuniversum
2026.08.11-v1,8306.T,Mitsubishi UFJ Financial,Aktie,Asien,Finanzen,true,B,Kuratiertes Prognoseuniversum
2026.08.11-v1,9432.T,Nippon Telegraph and Telephone,Aktie,Asien,Telekommunikation,true,B,Kuratiertes Prognoseuniversum
2026.08.11-v1,9618.HK,JD.com,Aktie,Asien,Konsum,true,B,Kuratiertes Prognoseuniversum
2026.08.11-v1,9866.HK,NIO,Aktie,Asien,Automobil,true,B,Kuratiertes Prognoseuniversum
2026.08.11-v1,9888.HK,Baidu,Aktie,Asien,Technologie,true,B,Kuratiertes Prognoseuniversum
2026.08.11-v1,9983.T,Fast Retailing,Aktie,Asien,Konsum,true,B,Kuratiertes Prognoseuniversum
2026.08.11-v1,9984.T,SoftBank Group,Aktie,Asien,Technologie,true,B,Kuratiertes Prognoseuniversum
2026.08.11-v1,9988.HK,Alibaba Group,Aktie,Asien,Konsum,true,B,Kuratiertes Prognoseuniversum
2026.08.11-v1,9999.HK,NetEase,Aktie,Asien,Medien,true,B,Kuratiertes Prognoseuniversum
2026.08.11-v1,BHARTIARTL.NS,Bharti Airtel,Aktie,Asien,Telekommunikation,true,B,Kuratiertes Prognoseuniversum
2026.08.11-v1,HDFCBANK.NS,HDFC Bank,Aktie,Asien,Finanzen,true,B,Kuratiertes Prognoseuniversum
2026.08.11-v1,ICICIBANK.NS,ICICI Bank,Aktie,Asien,Finanzen,true,B,Kuratiertes Prognoseuniversum
2026.08.11-v1,INFY.NS,Infosys,Aktie,Asien,IT Services,true,B,Kuratiertes Prognoseuniversum
2026.08.11-v1,LT.NS,Larsen and Toubro,Aktie,Asien,Infrastruktur,true,B,Kuratiertes Prognoseuniversum
2026.08.11-v1,MARUTI.NS,Maruti Suzuki,Aktie,Asien,Automobil,true,B,Kuratiertes Prognoseuniversum
2026.08.11-v1,RELIANCE.NS,Reliance Industries,Aktie,Asien,Konglomerat,true,B,Kuratiertes Prognoseuniversum
2026.08.11-v1,SUNPHARMA.NS,Sun Pharmaceutical,Aktie,Asien,Gesundheit,true,B,Kuratiertes Prognoseuniversum
2026.08.11-v1,TCS.NS,Tata Consultancy Services,Aktie,Asien,IT Services,true,B,Kuratiertes Prognoseuniversum
2026.08.11-v1,ABBN.SW,ABB,Aktie,Europa,Industrie,true,B,Kuratiertes Prognoseuniversum
2026.08.11-v1,ADS.DE,adidas,Aktie,Europa,Konsum,true,B,Kuratiertes Prognoseuniversum
2026.08.11-v1,ADYEN.AS,Adyen,Aktie,Europa,Finanzen,true,B,Kuratiertes Prognoseuniversum
2026.08.11-v1,AIR.PA,Airbus,Aktie,Europa,Luftfahrt,true,B,Kuratiertes Prognoseuniversum
2026.08.11-v1,ALV.DE,Allianz,Aktie,Europa,Finanzen,true,B,Kuratiertes Prognoseuniversum
2026.08.11-v1,ASML.AS,ASML,Aktie,Europa,Halbleiter,true,B,Kuratiertes Prognoseuniversum
2026.08.11-v1,AZN.L,AstraZeneca,Aktie,Europa,Gesundheit,true,B,Kuratiertes Prognoseuniversum
2026.08.11-v1,BARC.L,Barclays,Aktie,Europa,Finanzen,true,B,Kuratiertes Prognoseuniversum
2026.08.11-v1,BAS.DE,BASF,Aktie,Europa,Chemie,true,B,Kuratiertes Prognoseuniversum
2026.08.11-v1,BAYN.DE,Bayer,Aktie,Europa,Gesundheit,true,B,Kuratiertes Prognoseuniversum
2026.08.11-v1,BEI.DE,Beiersdorf,Aktie,Europa,Konsum,true,B,Kuratiertes Prognoseuniversum
2026.08.11-v1,BMW.DE,BMW,Aktie,Europa,Automobil,true,B,Kuratiertes Prognoseuniversum
2026.08.11-v1,BNP.PA,BNP Paribas,Aktie,Europa,Finanzen,true,B,Kuratiertes Prognoseuniversum
2026.08.11-v1,BP.L,BP,Aktie,Europa,Energie,true,B,Kuratiertes Prognoseuniversum
2026.08.11-v1,CAP.PA,Capgemini,Aktie,Europa,IT Services,true,B,Kuratiertes Prognoseuniversum
2026.08.11-v1,CS.PA,AXA,Aktie,Europa,Finanzen,true,B,Kuratiertes Prognoseuniversum
2026.08.11-v1,DG.PA,Vinci,Aktie,Europa,Infrastruktur,true,B,Kuratiertes Prognoseuniversum
2026.08.11-v1,DGE.L,Diageo,Aktie,Europa,Konsum,true,B,Kuratiertes Prognoseuniversum
2026.08.11-v1,DSV.CO,DSV,Aktie,Europa,Logistik,true,B,Kuratiertes Prognoseuniversum
2026.08.11-v1,DTE.DE,Deutsche Telekom,Aktie,Europa,Telekommunikation,true,B,Kuratiertes Prognoseuniversum
2026.08.11-v1,EL.PA,EssilorLuxottica,Aktie,Europa,Gesundheit,true,B,Kuratiertes Prognoseuniversum
2026.08.11-v1,ENEL.MI,Enel,Aktie,Europa,Versorger,true,B,Kuratiertes Prognoseuniversum
2026.08.11-v1,ENR.DE,Siemens Energy,Aktie,Europa,Energie,true,B,Kuratiertes Prognoseuniversum
2026.08.11-v1,GIVN.SW,Givaudan,Aktie,Europa,Chemie,true,B,Kuratiertes Prognoseuniversum
2026.08.11-v1,GSK.L,GSK,Aktie,Europa,Gesundheit,true,B,Kuratiertes Prognoseuniversum
2026.08.11-v1,HEIA.AS,Heineken,Aktie,Europa,Konsum,true,B,Kuratiertes Prognoseuniversum
2026.08.11-v1,HEN3.DE,Henkel,Aktie,Europa,Konsum,true,B,Kuratiertes Prognoseuniversum
2026.08.11-v1,HSBA.L,HSBC,Aktie,Europa,Finanzen,true,B,Kuratiertes Prognoseuniversum
2026.08.11-v1,IBE.MC,Iberdrola,Aktie,Europa,Versorger,true,B,Kuratiertes Prognoseuniversum
2026.08.11-v1,IFX.DE,Infineon,Aktie,Europa,Halbleiter,true,B,Kuratiertes Prognoseuniversum
2026.08.11-v1,INGA.AS,ING Groep,Aktie,Europa,Finanzen,true,B,Kuratiertes Prognoseuniversum
2026.08.11-v1,ISP.MI,Intesa Sanpaolo,Aktie,Europa,Finanzen,true,B,Kuratiertes Prognoseuniversum
2026.08.11-v1,ITX.MC,Inditex,Aktie,Europa,Konsum,true,B,Kuratiertes Prognoseuniversum
2026.08.11-v1,KER.PA,Kering,Aktie,Europa,Konsum,true,B,Kuratiertes Prognoseuniversum
2026.08.11-v1,LLOY.L,Lloyds Banking Group,Aktie,Europa,Finanzen,true,B,Kuratiertes Prognoseuniversum
2026.08.11-v1,LSEG.L,London Stock Exchange Group,Aktie,Europa,Finanzen,true,B,Kuratiertes Prognoseuniversum
2026.08.11-v1,MAERSK-B.CO,AP Moller Maersk,Aktie,Europa,Logistik,true,B,Kuratiertes Prognoseuniversum
2026.08.11-v1,MBG.DE,Mercedes Benz Group,Aktie,Europa,Automobil,true,B,Kuratiertes Prognoseuniversum
2026.08.11-v1,MC.PA,LVMH,Aktie,Europa,Konsum,true,B,Kuratiertes Prognoseuniversum
2026.08.11-v1,NESN.SW,Nestle,Aktie,Europa,Konsum,true,B,Kuratiertes Prognoseuniversum
2026.08.11-v1,NOVN.SW,Novartis,Aktie,Europa,Gesundheit,true,B,Kuratiertes Prognoseuniversum
2026.08.11-v1,NOVO-B.CO,Novo Nordisk,Aktie,Europa,Gesundheit,true,B,Kuratiertes Prognoseuniversum
2026.08.11-v1,OR.PA,LOreal,Aktie,Europa,Konsum,true,B,Kuratiertes Prognoseuniversum
2026.08.11-v1,ORSTED.CO,Orsted,Aktie,Europa,Energie,true,B,Kuratiertes Prognoseuniversum
2026.08.11-v1,PHIA.AS,Philips,Aktie,Europa,Gesundheit,true,B,Kuratiertes Prognoseuniversum
2026.08.11-v1,PRY.MI,Prysmian,Aktie,Europa,Industrie,true,B,Kuratiertes Prognoseuniversum
2026.08.11-v1,REL.L,RELX,Aktie,Europa,Medien,true,B,Kuratiertes Prognoseuniversum
2026.08.11-v1,REP.MC,Repsol,Aktie,Europa,Energie,true,B,Kuratiertes Prognoseuniversum
2026.08.11-v1,RIO.L,Rio Tinto,Aktie,Europa,Grundstoffe,true,B,Kuratiertes Prognoseuniversum
2026.08.11-v1,RMS.PA,Hermes,Aktie,Europa,Konsum,true,B,Kuratiertes Prognoseuniversum
2026.08.11-v1,ROP.SW,Roche,Aktie,Europa,Gesundheit,true,B,Kuratiertes Prognoseuniversum
2026.08.11-v1,RR.L,Rolls Royce Holdings,Aktie,Europa,Industrie,true,B,Kuratiertes Prognoseuniversum
2026.08.11-v1,RWE.DE,RWE,Aktie,Europa,Energie,true,B,Kuratiertes Prognoseuniversum
2026.08.11-v1,SAF.PA,Safran,Aktie,Europa,Luftfahrt,true,B,Kuratiertes Prognoseuniversum
2026.08.11-v1,SAN.MC,Banco Santander,Aktie,Europa,Finanzen,true,B,Kuratiertes Prognoseuniversum
2026.08.11-v1,SAN.PA,Sanofi,Aktie,Europa,Gesundheit,true,B,Kuratiertes Prognoseuniversum
2026.08.11-v1,SAP.DE,SAP,Aktie,Europa,Software,true,B,Kuratiertes Prognoseuniversum
2026.08.11-v1,SHEL.L,Shell,Aktie,Europa,Energie,true,B,Kuratiertes Prognoseuniversum
2026.08.11-v1,SIE.DE,Siemens,Aktie,Europa,Industrie,true,B,Kuratiertes Prognoseuniversum
2026.08.11-v1,SREN.SW,Swiss Re,Aktie,Europa,Finanzen,true,B,Kuratiertes Prognoseuniversum
2026.08.11-v1,STLAM.MI,Stellantis,Aktie,Europa,Automobil,true,B,Kuratiertes Prognoseuniversum
2026.08.11-v1,SU.PA,Schneider Electric,Aktie,Europa,Industrie,true,B,Kuratiertes Prognoseuniversum
2026.08.11-v1,TTE.PA,TotalEnergies,Aktie,Europa,Energie,true,B,Kuratiertes Prognoseuniversum
2026.08.11-v1,UBSG.SW,UBS Group,Aktie,Europa,Finanzen,true,B,Kuratiertes Prognoseuniversum
2026.08.11-v1,UCG.MI,UniCredit,Aktie,Europa,Finanzen,true,B,Kuratiertes Prognoseuniversum
2026.08.11-v1,ULVR.L,Unilever London,Aktie,Europa,Konsum,true,B,Kuratiertes Prognoseuniversum
2026.08.11-v1,UNA.AS,Unilever,Aktie,Europa,Konsum,true,B,Kuratiertes Prognoseuniversum
2026.08.11-v1,VOW3.DE,Volkswagen,Aktie,Europa,Automobil,true,B,Kuratiertes Prognoseuniversum
2026.08.11-v1,ZURN.SW,Zurich Insurance,Aktie,Europa,Finanzen,true,B,Kuratiertes Prognoseuniversum
2026.08.11-v1,A,Agilent Technologies,Aktie,USA,Health Care,true,A,S&P 500
2026.08.11-v1,AA,Alcoa,Aktie,USA,Materials,true,B,S&P MidCap 400
2026.08.11-v1,AAL,American Airlines Group,Aktie,USA,Industrials,true,B,Nasdaq Global Select Market; S&P MidCap 400
2026.08.11-v1,AAMI,Acadian Asset Management Inc.,Aktie,USA,Financials,true,C,S&P SmallCap 600
2026.08.11-v1,AAON,AAON,Aktie,USA,Industrials,true,B,Nasdaq Global Select Market; S&P MidCap 400
2026.08.11-v1,AAP,"Advance Auto Parts, Inc.",Aktie,USA,Consumer Discretionary,true,C,S&P SmallCap 600
2026.08.11-v1,AAPL,Apple,Aktie,USA,Technologie,true,A,Kuratiertes Prognoseuniversum; Nasdaq Global Select Market; S&P 500
2026.08.11-v1,AARD,"Aardvark Therapeutics, Inc.",Aktie,USA,Nasdaq Global Select,true,B,Nasdaq Global Select Market
2026.08.11-v1,AAT,American Assets Trust,Aktie,USA,Real Estate,true,C,S&P SmallCap 600
2026.08.11-v1,ABBV,AbbVie,Aktie,USA,Gesundheit,true,A,Kuratiertes Prognoseuniversum; S&P 500
2026.08.11-v1,ABCB,Ameris Bancorp,Aktie,USA,Financials,true,C,S&P SmallCap 600
2026.08.11-v1,ABCL,AbCellera Biologics Inc.,Aktie,USA,Nasdaq Global Select,true,B,Nasdaq Global Select Market
2026.08.11-v1,ABG,Asbury Automotive Group,Aktie,USA,Consumer Discretionary,true,C,S&P SmallCap 600
2026.08.11-v1,ABM,"ABM Industries, Inc.",Aktie,USA,Industrials,true,C,S&P SmallCap 600
2026.08.11-v1,ABNB,Airbnb,Aktie,USA,Reisen,true,A,Kuratiertes Prognoseuniversum; Nasdaq Global Select Market; S&P 500
2026.08.11-v1,ABOS,"Acumen Pharmaceuticals, Inc.",Aktie,USA,Nasdaq Global Select,true,B,Nasdaq Global Select Market
2026.08.11-v1,ABR,Arbor Realty Trust,Aktie,USA,Financials,true,C,S&P SmallCap 600
2026.08.11-v1,ABSI,Absci Corporation,Aktie,USA,Nasdaq Global Select,true,B,Nasdaq Global Select Market
2026.08.11-v1,ABT,Abbott Laboratories,Aktie,USA,Gesundheit,true,A,Kuratiertes Prognoseuniversum; S&P 500
2026.08.11-v1,ABUS,Arbutus Biopharma Corporation,Aktie,USA,Nasdaq Global Select,true,B,Nasdaq Global Select Market
2026.08.11-v1,ACA,"Arcosa, Inc.",Aktie,USA,Industrials,true,C,S&P SmallCap 600
2026.08.11-v1,ACAD,Acadia Pharmaceuticals,Aktie,USA,Health Care,true,C,Nasdaq Global Select Market; S&P SmallCap 600
2026.08.11-v1,ACDC,ProFrac Holding Corp.,Aktie,USA,Nasdaq Global Select,true,B,Nasdaq Global Select Market
2026.08.11-v1,ACGL,Arch Capital Group,Aktie,USA,Financials,true,A,Nasdaq Global Select Market; S&P 500
2026.08.11-v1,ACHC,Acadia Healthcare,Aktie,USA,Health Care,true,C,Nasdaq Global Select Market; S&P SmallCap 600
2026.08.11-v1,ACI,Albertsons,Aktie,USA,Consumer Staples,true,B,S&P MidCap 400
2026.08.11-v1,ACIW,ACI Worldwide,Aktie,USA,Information Technology,true,C,Nasdaq Global Select Market; S&P SmallCap 600
2026.08.11-v1,ACLS,"Axcelis Technologies, Inc.",Aktie,USA,Information Technology,true,C,Nasdaq Global Select Market; S&P SmallCap 600
2026.08.11-v1,ACM,AECOM,Aktie,USA,Industrials,true,B,S&P MidCap 400
2026.08.11-v1,ACMR,"ACM Research, Inc.",Aktie,USA,Information Technology,true,C,S&P SmallCap 600
2026.08.11-v1,ACN,Accenture,Aktie,USA,Information Technology,true,A,S&P 500
2026.08.11-v1,ACRS,"Aclaris Therapeutics, Inc.",Aktie,USA,Nasdaq Global Select,true,B,Nasdaq Global Select Market
2026.08.11-v1,ACT,"Enact Holdings, Inc.",Aktie,USA,Financials,true,C,Nasdaq Global Select Market; S&P SmallCap 600
2026.08.11-v1,ACTG,Acacia Research Corporation,Aktie,USA,Nasdaq Global Select,true,B,Nasdaq Global Select Market
2026.08.11-v1,ADAM,"Adamas Trust, Inc.",Aktie,USA,Real Estate,true,C,Nasdaq Global Select Market; S&P SmallCap 600
2026.08.11-v1,ADBE,Adobe,Aktie,USA,Software,true,A,Kuratiertes Prognoseuniversum; Nasdaq Global Select Market; S&P 500
2026.08.11-v1,ADC,Agree Realty,Aktie,USA,Real Estate,true,B,S&P MidCap 400
2026.08.11-v1,ADEA,"Adeia, Inc.",Aktie,USA,Information Technology,true,C,Nasdaq Global Select Market; S&P SmallCap 600
2026.08.11-v1,ADI,Analog Devices,Aktie,USA,Halbleiter,true,A,Kuratiertes Prognoseuniversum; Nasdaq Global Select Market; S&P 500
2026.08.11-v1,ADIG,ADI Global Distribution,Aktie,USA,Information Technology,true,C,S&P SmallCap 600
2026.08.11-v1,ADM,Archer Daniels Midland,Aktie,USA,Consumer Staples,true,A,S&P 500
2026.08.11-v1,ADMA,"ADMA Biologics, Inc.",Aktie,USA,Health Care,true,C,S&P SmallCap 600
2026.08.11-v1,ADNT,Adient,Aktie,USA,Consumer Discretionary,true,C,S&P SmallCap 600
2026.08.11-v1,ADP,Automatic Data Processing,Aktie,USA,Industrials,true,A,Nasdaq Global Select Market; S&P 500
2026.08.11-v1,ADPT,Adaptive Biotechnologies Corporation,Aktie,USA,Nasdaq Global Select,true,B,Nasdaq Global Select Market
2026.08.11-v1,ADSK,Autodesk,Aktie,USA,Information Technology,true,A,Nasdaq Global Select Market; S&P 500
2026.08.11-v1,ADT,ADT Inc.,Aktie,USA,Consumer Discretionary,true,C,S&P SmallCap 600
2026.08.11-v1,ADTN,"ADTRAN Holdings, Inc.",Aktie,USA,Nasdaq Global Select,true,B,Nasdaq Global Select Market
2026.08.11-v1,ADUS,Addus HomeCare Corp.,Aktie,USA,Health Care,true,C,Nasdaq Global Select Market; S&P SmallCap 600
2026.08.11-v1,ADV,Advantage Solutions Inc.,Aktie,USA,Nasdaq Global Select,true,B,Nasdaq Global Select Market
2026.08.11-v1,AEBI,Aebi Schmidt Holding AG,Aktie,USA,Nasdaq Global Select,true,B,Nasdaq Global Select Market
2026.08.11-v1,AEE,Ameren,Aktie,USA,Utilities,true,A,S&P 500
2026.08.11-v1,AEIS,Advanced Energy,Aktie,USA,Information Technology,true,B,Nasdaq Global Select Market; S&P MidCap 400
2026.08.11-v1,AEO,American Eagle Outfitters,Aktie,USA,Consumer Discretionary,true,C,S&P SmallCap 600
2026.08.11-v1,AEP,American Electric Power,Aktie,USA,Utilities,true,A,Nasdaq Global Select Market; S&P 500
2026.08.11-v1,AES,AES Corporation,Aktie,USA,Utilities,true,A,S&P 500
2026.08.11-v1,AESI,"Atlas Energy Solutions, Inc.",Aktie,USA,Energy,true,C,S&P SmallCap 600
2026.08.11-v1,AEVA,"Aeva Technologies, Inc.",Aktie,USA,Nasdaq Global Select,true,B,Nasdaq Global Select Market
2026.08.11-v1,AFG,American Financial Group,Aktie,USA,Financials,true,B,S&P MidCap 400
2026.08.11-v1,AFL,Aflac,Aktie,USA,Financials,true,A,S&P 500
2026.08.11-v1,AFRM,"Affirm Holdings, Inc.",Aktie,USA,Nasdaq Global Select,true,B,Nasdaq Global Select Market
2026.08.11-v1,AFYA,Afya Limited,Aktie,USA,Nasdaq Global Select,true,B,Nasdaq Global Select Market
2026.08.11-v1,AGCO,AGCO,Aktie,USA,Industrials,true,B,S&P MidCap 400
2026.08.11-v1,AGIO,"Agios Pharmaceuticals, Inc.",Aktie,USA,Nasdaq Global Select,true,B,Nasdaq Global Select Market
2026.08.11-v1,AGMB,AgomAb Therapeutics NV,Aktie,USA,Nasdaq Global Select,true,B,Nasdaq Global Select Market
2026.08.11-v1,AGNC,AGNC Investment Corp.,Aktie,USA,Nasdaq Global Select,true,B,Nasdaq Global Select Market
2026.08.11-v1,AGNT,"eXp World Holdings, Inc.",Aktie,USA,Real Estate,true,C,S&P SmallCap 600
2026.08.11-v1,AGO,Assured Guaranty Ltd.,Aktie,USA,Financials,true,C,S&P SmallCap 600
2026.08.11-v1,AGX,"Argan, Inc.",Aktie,USA,Industrials,true,C,S&P SmallCap 600
2026.08.11-v1,AGYS,"Agilysys, Inc.",Aktie,USA,Information Technology,true,C,Nasdaq Global Select Market; S&P SmallCap 600
2026.08.11-v1,AHCO,AdaptHealth Corp.,Aktie,USA,Health Care,true,C,S&P SmallCap 600
2026.08.11-v1,AHR,American Healthcare REIT,Aktie,USA,Real Estate,true,B,S&P MidCap 400
2026.08.11-v1,AIFU,AIFU Inc.,Aktie,USA,Nasdaq Global Select,true,B,Nasdaq Global Select Market
2026.08.11-v1,AIG,American International Group,Aktie,USA,Financials,true,A,S&P 500
2026.08.11-v1,AIN,Albany International Corp.,Aktie,USA,Industrials,true,C,S&P SmallCap 600
2026.08.11-v1,AIR,AAR Corp.,Aktie,USA,Industrials,true,C,S&P SmallCap 600
2026.08.11-v1,AIT,Applied Industrial Technologies,Aktie,USA,Industrials,true,B,S&P MidCap 400
2026.08.11-v1,AIZ,Assurant,Aktie,USA,Financials,true,A,S&P 500
2026.08.11-v1,AJG,Arthur J. Gallagher & Co.,Aktie,USA,Financials,true,A,S&P 500
2026.08.11-v1,AKAM,Akamai Technologies,Aktie,USA,Information Technology,true,A,Nasdaq Global Select Market; S&P 500
2026.08.11-v1,AKR,Acadia Realty Trust,Aktie,USA,Real Estate,true,C,S&P SmallCap 600
2026.08.11-v1,AKTS,"Aktis Oncology, Inc.",Aktie,USA,Nasdaq Global Select,true,B,Nasdaq Global Select Market
2026.08.11-v1,ALAB,"Astera Labs, Inc.",Aktie,USA,Nasdaq Global Select,true,B,Nasdaq Global Select Market
2026.08.11-v1,ALB,Albemarle Corporation,Aktie,USA,Materials,true,A,S&P 500
2026.08.11-v1,ALCO,"Alico, Inc.",Aktie,USA,Nasdaq Global Select,true,B,Nasdaq Global Select Market
2026.08.11-v1,ALEC,"Alector, Inc.",Aktie,USA,Nasdaq Global Select,true,B,Nasdaq Global Select Market
2026.08.11-v1,ALG,Alamo Group,Aktie,USA,Industrials,true,C,S&P SmallCap 600
2026.08.11-v1,ALGM,Allegro MicroSystems,Aktie,USA,Information Technology,true,B,Nasdaq Global Select Market; S&P MidCap 400
2026.08.11-v1,ALGN,Align Technology,Aktie,USA,Health Care,true,A,Nasdaq Global Select Market; S&P 500
2026.08.11-v1,ALGT,Allegiant Travel Company,Aktie,USA,Industrials,true,C,Nasdaq Global Select Market; S&P SmallCap 600
2026.08.11-v1,ALHC,"Alignment Healthcare, Inc.",Aktie,USA,Health Care,true,C,Nasdaq Global Select Market; S&P SmallCap 600
2026.08.11-v1,ALK,Alaska Air Group,Aktie,USA,Industrials,true,B,S&P MidCap 400
2026.08.11-v1,ALKS,Alkermes plc,Aktie,USA,Health Care,true,C,Nasdaq Global Select Market; S&P SmallCap 600
2026.08.11-v1,ALKT,"Alkami Technology, Inc.",Aktie,USA,Nasdaq Global Select,true,B,Nasdaq Global Select Market
2026.08.11-v1,ALL,Allstate,Aktie,USA,Financials,true,A,S&P 500
2026.08.11-v1,ALLE,Allegion,Aktie,USA,Industrials,true,A,S&P 500
2026.08.11-v1,ALLO,"Allogene Therapeutics, Inc.",Aktie,USA,Nasdaq Global Select,true,B,Nasdaq Global Select Market
2026.08.11-v1,ALLT,Allot Ltd.,Aktie,USA,Nasdaq Global Select,true,B,Nasdaq Global Select Market
2026.08.11-v1,ALLY,Ally Financial,Aktie,USA,Financials,true,B,S&P MidCap 400
2026.08.11-v1,ALMR,"Alamar Biosciences, Inc.",Aktie,USA,Nasdaq Global Select,true,B,Nasdaq Global Select Market
2026.08.11-v1,ALMS,Alumis Inc.,Aktie,USA,Nasdaq Global Select,true,B,Nasdaq Global Select Market
2026.08.11-v1,ALNY,"Alnylam Pharmaceuticals, Inc.",Aktie,USA,Nasdaq Global Select,true,B,Nasdaq Global Select Market
2026.08.11-v1,ALRM,"Alarm.Com, Inc.",Aktie,USA,Financials,true,C,Nasdaq Global Select Market; S&P SmallCap 600
2026.08.11-v1,ALSN,Allison Transmission,Aktie,USA,Industrials,true,B,S&P MidCap 400
2026.08.11-v1,ALV,Autoliv,Aktie,USA,Consumer Discretionary,true,B,S&P MidCap 400
2026.08.11-v1,ALXO,ALX Oncology Holdings Inc.,Aktie,USA,Nasdaq Global Select,true,B,Nasdaq Global Select Market
2026.08.11-v1,AM,Antero Midstream,Aktie,USA,Energy,true,B,S&P MidCap 400
2026.08.11-v1,AMAT,Applied Materials,Aktie,USA,Halbleiter,true,A,Kuratiertes Prognoseuniversum; Nasdaq Global Select Market; S&P 500
2026.08.11-v1,AMBA,"Ambarella, Inc.",Aktie,USA,Nasdaq Global Select,true,B,Nasdaq Global Select Market
2026.08.11-v1,AMCR,Amcor,Aktie,USA,Materials,true,A,S&P 500
2026.08.11-v1,AMCX,AMC Global Media Inc.,Aktie,USA,Nasdaq Global Select,true,B,Nasdaq Global Select Market
2026.08.11-v1,AMD,Advanced Micro Devices,Aktie,USA,Halbleiter,true,A,Kuratiertes Prognoseuniversum; Nasdaq Global Select Market; S&P 500
2026.08.11-v1,AME,Ametek,Aktie,USA,Industrials,true,A,S&P 500
2026.08.11-v1,AMG,Affiliated Managers Group,Aktie,USA,Financials,true,B,S&P MidCap 400
2026.08.11-v1,AMGN,Amgen,Aktie,USA,Gesundheit,true,A,Kuratiertes Prognoseuniversum; Nasdaq Global Select Market; S&P 500
2026.08.11-v1,AMH,American Homes 4 Rent,Aktie,USA,Real Estate,true,B,S&P MidCap 400
2026.08.11-v1,AMKR,Amkor Technology,Aktie,USA,Information Technology,true,B,Nasdaq Global Select Market; S&P MidCap 400
2026.08.11-v1,AMLX,"Amylyx Pharmaceuticals, Inc.",Aktie,USA,Nasdaq Global Select,true,B,Nasdaq Global Select Market
2026.08.11-v1,AMN,"Amn Healthcare Services, Inc.",Aktie,USA,Health Care,true,C,S&P SmallCap 600
2026.08.11-v1,AMP,Ameriprise Financial,Aktie,USA,Financials,true,A,S&P 500
2026.08.11-v1,AMPH,"Amphstar Pharmaceuticals, Inc.",Aktie,USA,Health Care,true,C,Nasdaq Global Select Market; S&P SmallCap 600
2026.08.11-v1,AMR,"Alpha Metallurgical Resources, Inc.",Aktie,USA,Materials,true,C,S&P SmallCap 600
2026.08.11-v1,AMRX,Amneal Pharmaceuticals,Aktie,USA,Health Care,true,C,Nasdaq Global Select Market; S&P SmallCap 600
2026.08.11-v1,AMSC,American Superconductor Corporation,Aktie,USA,Nasdaq Global Select,true,B,Nasdaq Global Select Market
2026.08.11-v1,AMSF,"Amerisafe, Inc.",Aktie,USA,Financials,true,C,Nasdaq Global Select Market; S&P SmallCap 600
2026.08.11-v1,AMT,American Tower,Aktie,USA,Real Estate,true,A,S&P 500
2026.08.11-v1,AMTM,Amentum,Aktie,USA,Industrials,true,C,S&P SmallCap 600
2026.08.11-v1,AMZN,Amazon,Aktie,USA,Konsum,true,A,Kuratiertes Prognoseuniversum; Nasdaq Global Select Market; S&P 500
2026.08.11-v1,AN,AutoNation,Aktie,USA,Consumer Discretionary,true,B,S&P MidCap 400
2026.08.11-v1,ANAB,"AnaptysBio, Inc.",Aktie,USA,Nasdaq Global Select,true,B,Nasdaq Global Select Market
2026.08.11-v1,ANDE,"The Andersons, Inc.",Aktie,USA,Consumer Staples,true,C,Nasdaq Global Select Market; S&P SmallCap 600
2026.08.11-v1,ANET,Arista Networks,Aktie,USA,Information Technology,true,A,S&P 500
2026.08.11-v1,ANF,Abercrombie & Fitch,Aktie,USA,Consumer Discretionary,true,B,S&P MidCap 400
2026.08.11-v1,ANGI,Angi Inc.,Aktie,USA,Nasdaq Global Select,true,B,Nasdaq Global Select Market
2026.08.11-v1,ANGO,"AngioDynamics, Inc.",Aktie,USA,Nasdaq Global Select,true,B,Nasdaq Global Select Market
2026.08.11-v1,ANIK,Anika Therapeutics Inc.,Aktie,USA,Nasdaq Global Select,true,B,Nasdaq Global Select Market
2026.08.11-v1,ANIP,"ANI Pharmaceuticals, Inc.",Aktie,USA,Health Care,true,C,S&P SmallCap 600
2026.08.11-v1,ANNX,"Annexon, Inc.",Aktie,USA,Nasdaq Global Select,true,B,Nasdaq Global Select Market
2026.08.11-v1,ANTX,"AN2 Therapeutics, Inc.",Aktie,USA,Nasdaq Global Select,true,B,Nasdaq Global Select Market
2026.08.11-v1,AON,Aon plc,Aktie,USA,Financials,true,A,S&P 500
2026.08.11-v1,AORT,Artivion,Aktie,USA,Health Care,true,C,S&P SmallCap 600
2026.08.11-v1,AOS,A. O. Smith,Aktie,USA,Industrials,true,A,S&P 500
2026.08.11-v1,AOSL,"Alpha and Omega Semiconductor, Ltd.",Aktie,USA,Information Technology,true,C,Nasdaq Global Select Market; S&P SmallCap 600
2026.08.11-v1,AOUT,"American Outdoor Brands, Inc.",Aktie,USA,Nasdaq Global Select,true,B,Nasdaq Global Select Market
2026.08.11-v1,APA,APA Corporation,Aktie,USA,Energy,true,A,Nasdaq Global Select Market; S&P 500
2026.08.11-v1,APAM,"Artisan Partners Asset Management, Inc.",Aktie,USA,Financials,true,C,S&P SmallCap 600
2026.08.11-v1,APD,Air Products,Aktie,USA,Grundstoffe,true,A,Kuratiertes Prognoseuniversum; S&P 500
2026.08.11-v1,APEI,"American Public Education, Inc.",Aktie,USA,Nasdaq Global Select,true,B,Nasdaq Global Select Market
2026.08.11-v1,APG,APi Group,Aktie,USA,Industrials,true,B,S&P MidCap 400
2026.08.11-v1,APH,Amphenol,Aktie,USA,Information Technology,true,A,S&P 500
2026.08.11-v1,API,"Agora, Inc.",Aktie,USA,Nasdaq Global Select,true,B,Nasdaq Global Select Market
2026.08.11-v1,APLD,Applied Digital Corporation,Aktie,USA,Nasdaq Global Select,true,B,Nasdaq Global Select Market
2026.08.11-v1,APLE,"Apple Hospitality REIT, Inc.",Aktie,USA,Real Estate,true,C,S&P SmallCap 600
2026.08.11-v1,APMD,"Apnimed, Inc.",Aktie,USA,Nasdaq Global Select,true,B,Nasdaq Global Select Market
2026.08.11-v1,APO,Apollo Global Management,Aktie,USA,Financials,true,A,S&P 500
2026.08.11-v1,APOG,"Apogee Enterprises, Inc.",Aktie,USA,Industrials,true,C,Nasdaq Global Select Market; S&P SmallCap 600
2026.08.11-v1,APP,AppLovin,Aktie,USA,Communication Services,true,A,Nasdaq Global Select Market; S&P 500
2026.08.11-v1,APPF,AppFolio,Aktie,USA,Information Technology,true,B,S&P MidCap 400
2026.08.11-v1,APTV,Aptiv,Aktie,USA,Consumer Discretionary,true,A,S&P 500
2026.08.11-v1,APYX,Apyx Medical Corporation,Aktie,USA,Nasdaq Global Select,true,B,Nasdaq Global Select Market
2026.08.11-v1,AR,Antero Resources,Aktie,USA,Energy,true,B,S&P MidCap 400
2026.08.11-v1,ARCB,ArcBest Corp.,Aktie,USA,Industrials,true,C,Nasdaq Global Select Market; S&P SmallCap 600
2026.08.11-v1,ARCC,Ares Capital Corporation,Aktie,USA,Nasdaq Global Select,true,B,Nasdaq Global Select Market
2026.08.11-v1,ARE,Alexandria Real Estate Equities,Aktie,USA,Real Estate,true,A,S&P 500
2026.08.11-v1,ARES,Ares Management,Aktie,USA,Financials,true,A,S&P 500
2026.08.11-v1,ARGX,argenx SE,Aktie,USA,Nasdaq Global Select,true,B,Nasdaq Global Select Market
2026.08.11-v1,ARHS,"Arhaus, Inc.",Aktie,USA,Nasdaq Global Select,true,B,Nasdaq Global Select Market
2026.08.11-v1,ARLO,Arlo Technologies,Aktie,USA,Information Technology,true,C,S&P SmallCap 600
2026.08.11-v1,ARM,Arm Holdings plc,Aktie,USA,Nasdaq Global Select,true,B,Nasdaq Global Select Market
2026.08.11-v1,ARMK,Aramark,Aktie,USA,Consumer Discretionary,true,B,S&P MidCap 400
2026.08.11-v1,AROC,"Archrock, Inc.",Aktie,USA,Energy,true,C,S&P SmallCap 600
2026.08.11-v1,AROW,Arrow Financial Corporation,Aktie,USA,Nasdaq Global Select,true,B,Nasdaq Global Select Market
2026.08.11-v1,ARQT,"Arcutis Biotherapeutics, Inc.",Aktie,USA,Nasdaq Global Select,true,B,Nasdaq Global Select Market
2026.08.11-v1,ARR,Armour Residential REIT,Aktie,USA,Real Estate,true,C,S&P SmallCap 600
2026.08.11-v1,ARTNA,Artesian Resources Corporation,Aktie,USA,Nasdaq Global Select,true,B,Nasdaq Global Select Market
2026.08.11-v1,ARVN,"Arvinas, Inc.",Aktie,USA,Nasdaq Global Select,true,B,Nasdaq Global Select Market
2026.08.11-v1,ARW,Arrow Electronics,Aktie,USA,Information Technology,true,B,S&P MidCap 400
2026.08.11-v1,ARWR,Arrowhead Pharmaceuticals,Aktie,USA,Health Care,true,B,Nasdaq Global Select Market; S&P MidCap 400
2026.08.11-v1,ARXS,"Arxis, Inc.",Aktie,USA,Nasdaq Global Select,true,B,Nasdaq Global Select Market
2026.08.11-v1,ASB,Associated Bank,Aktie,USA,Financials,true,B,S&P MidCap 400
2026.08.11-v1,ASH,Ashland Global,Aktie,USA,Materials,true,B,S&P MidCap 400
2026.08.11-v1,ASMB,"Assembly Biosciences, Inc.",Aktie,USA,Nasdaq Global Select,true,B,Nasdaq Global Select Market
2026.08.11-v1,ASML,ASML Holding N.V.,Aktie,USA,Nasdaq Global Select,true,B,Nasdaq Global Select Market
2026.08.11-v1,ASND,Ascendis Pharma A/S,Aktie,USA,Nasdaq Global Select,true,B,Nasdaq Global Select Market
2026.08.11-v1,ASO,Academy Sports + Outdoors,Aktie,USA,Consumer Discretionary,true,C,Nasdaq Global Select Market; S&P SmallCap 600
2026.08.11-v1,ASPS,Altisource Portfolio Solutions S.A.,Aktie,USA,Nasdaq Global Select,true,B,Nasdaq Global Select Market
2026.08.11-v1,ASTE,"Astec Industries, Inc.",Aktie,USA,Industrials,true,C,Nasdaq Global Select Market; S&P SmallCap 600
2026.08.11-v1,ASTH,"Astrana Health, Inc.",Aktie,USA,Health Care,true,C,S&P SmallCap 600
2026.08.11-v1,ASTS,"AST SpaceMobile, Inc.",Aktie,USA,Nasdaq Global Select,true,B,Nasdaq Global Select Market
2026.08.11-v1,ASYS,"Amtech Systems, Inc.",Aktie,USA,Nasdaq Global Select,true,B,Nasdaq Global Select Market
2026.08.11-v1,ATAT,Atour Lifestyle Holdings Limited,Aktie,USA,Nasdaq Global Select,true,B,Nasdaq Global Select Market
2026.08.11-v1,ATEC,"Alphatec Holdings, Inc.",Aktie,USA,Nasdaq Global Select,true,B,Nasdaq Global Select Market
2026.08.11-v1,ATEN,"A10 Networks, Inc.",Aktie,USA,Information Technology,true,C,S&P SmallCap 600
2026.08.11-v1,ATI,ATI Inc.,Aktie,USA,Industrials,true,B,S&P MidCap 400
2026.08.11-v1,ATLC,Atlanticus Holdings Corporation,Aktie,USA,Nasdaq Global Select,true,B,Nasdaq Global Select Market
2026.08.11-v1,ATMU,Atmus Filtration Technologies Inc.,Aktie,USA,Industrials,true,C,S&P SmallCap 600
2026.08.11-v1,ATNI,"ATN International, Inc.",Aktie,USA,Nasdaq Global Select,true,B,Nasdaq Global Select Market
2026.08.11-v1,ATO,Atmos Energy,Aktie,USA,Utilities,true,A,S&P 500
2026.08.11-v1,ATR,AptarGroup,Aktie,USA,Materials,true,B,S&P MidCap 400
2026.08.11-v1,ATRA,"Atara Biotherapeutics, Inc.",Aktie,USA,Nasdaq Global Select,true,B,Nasdaq Global Select Market
2026.08.11-v1,ATRO,Astronics Corporation,Aktie,USA,Nasdaq Global Select,true,B,Nasdaq Global Select Market
2026.08.11-v1,AUB,"Atlantic Union Bankshares, Corp.",Aktie,USA,Financials,true,C,S&P SmallCap 600
2026.08.11-v1,AUDC,AudioCodes Ltd.,Aktie,USA,Nasdaq Global Select,true,B,Nasdaq Global Select Market
2026.08.11-v1,AUGO,Aura Minerals Inc.,Aktie,USA,Nasdaq Global Select,true,B,Nasdaq Global Select Market
2026.08.11-v1,AUR,"Aurora Innovation, Inc.",Aktie,USA,Nasdaq Global Select,true,B,Nasdaq Global Select Market
2026.08.11-v1,AUTL,Autolus Therapeutics plc,Aktie,USA,Nasdaq Global Select,true,B,Nasdaq Global Select Market
2026.08.11-v1,AVA,Avista Corporation,Aktie,USA,Utilities,true,C,S&P SmallCap 600
2026.08.11-v1,AVAH,Aveanna Healthcare Holdings Inc.,Aktie,USA,Nasdaq Global Select,true,B,Nasdaq Global Select Market
2026.08.11-v1,AVAV,AeroVironment,Aktie,USA,Industrials,true,B,Nasdaq Global Select Market; S&P MidCap 400
2026.08.11-v1,AVB,AvalonBay Communities,Aktie,USA,Real Estate,true,A,S&P 500
2026.08.11-v1,AVBH,"Avidbank Holdings, Inc.",Aktie,USA,Nasdaq Global Select,true,B,Nasdaq Global Select Market
2026.08.11-v1,AVGO,Broadcom,Aktie,USA,Halbleiter,true,A,Kuratiertes Prognoseuniversum; Nasdaq Global Select Market; S&P 500
2026.08.11-v1,AVIR,"Atea Pharmaceuticals, Inc.",Aktie,USA,Nasdaq Global Select,true,B,Nasdaq Global Select Market
2026.08.11-v1,AVLN,Avalyn Pharma Inc.,Aktie,USA,Nasdaq Global Select,true,B,Nasdaq Global Select Market
2026.08.11-v1,AVNT,Avient,Aktie,USA,Materials,true,B,S&P MidCap 400
2026.08.11-v1,AVNW,"Aviat Networks, Inc.",Aktie,USA,Nasdaq Global Select,true,B,Nasdaq Global Select Market
2026.08.11-v1,AVO,"Mission Produce, Inc.",Aktie,USA,Nasdaq Global Select,true,B,Nasdaq Global Select Market
2026.08.11-v1,AVPT,"AvePoint, Inc.",Aktie,USA,Nasdaq Global Select,true,B,Nasdaq Global Select Market
2026.08.11-v1,AVT,Avnet,Aktie,USA,Information Technology,true,B,Nasdaq Global Select Market; S&P MidCap 400
2026.08.11-v1,AVTR,Avantor,Aktie,USA,Health Care,true,B,S&P MidCap 400
2026.08.11-v1,AVY,Avery Dennison,Aktie,USA,Materials,true,A,S&P 500
2026.08.11-v1,AWI,"Armstrong World Industries, Inc.",Aktie,USA,Industrials,true,C,S&P SmallCap 600
2026.08.11-v1,AWK,American Water Works,Aktie,USA,Utilities,true,A,S&P 500
2026.08.11-v1,AWR,American States Water Company,Aktie,USA,Utilities,true,C,S&P SmallCap 600
2026.08.11-v1,AX,"Axos Financial, Inc.",Aktie,USA,Financials,true,C,S&P SmallCap 600
2026.08.11-v1,AXON,Axon Enterprise,Aktie,USA,Industrials,true,A,Nasdaq Global Select Market; S&P 500
2026.08.11-v1,AXP,American Express,Aktie,USA,Finanzen,true,A,Kuratiertes Prognoseuniversum; S&P 500
2026.08.11-v1,AXTA,Axalta,Aktie,USA,Materials,true,B,S&P MidCap 400
2026.08.11-v1,AXTI,AXT Inc,Aktie,USA,Nasdaq Global Select,true,B,Nasdaq Global Select Market
2026.08.11-v1,AYA,Aya Gold & Silver Inc.,Aktie,USA,Nasdaq Global Select,true,B,Nasdaq Global Select Market
2026.08.11-v1,AYI,Acuity Brands,Aktie,USA,Industrials,true,B,S&P MidCap 400
2026.08.11-v1,AZO,AutoZone,Aktie,USA,Consumer Discretionary,true,A,S&P 500
2026.08.11-v1,AZTA,"Azenta, Inc.",Aktie,USA,Health Care,true,C,Nasdaq Global Select Market; S&P SmallCap 600
2026.08.11-v1,AZZ,"AZZ, Inc.",Aktie,USA,Industrials,true,C,S&P SmallCap 600
2026.08.11-v1,BA,Boeing,Aktie,USA,Luftfahrt,true,A,Kuratiertes Prognoseuniversum; S&P 500
2026.08.11-v1,BAC,Bank of America,Aktie,USA,Financials,true,A,S&P 500
2026.08.11-v1,BAH,Booz Allen Hamilton,Aktie,USA,Industrials,true,B,S&P MidCap 400
2026.08.11-v1,BALL,Ball Corporation,Aktie,USA,Materials,true,A,S&P 500
2026.08.11-v1,BANC,"Banc Of California, Inc.",Aktie,USA,Financials,true,C,S&P SmallCap 600
2026.08.11-v1,BAND,Bandwidth Inc.,Aktie,USA,Nasdaq Global Select,true,B,Nasdaq Global Select Market
2026.08.11-v1,BANF,Bancfirst Corp,Aktie,USA,Financials,true,C,Nasdaq Global Select Market; S&P SmallCap 600
2026.08.11-v1,BANR,Banner Corporation,Aktie,USA,Financials,true,C,Nasdaq Global Select Market; S&P SmallCap 600
2026.08.11-v1,BANX,ArrowMark Financial Corp.,Aktie,USA,Nasdaq Global Select,true,B,Nasdaq Global Select Market
2026.08.11-v1,BATRA,"Atlanta Braves Holdings, Inc.",Aktie,USA,Nasdaq Global Select,true,B,Nasdaq Global Select Market
2026.08.11-v1,BATRK,"Atlanta Braves Holdings, Inc.",Aktie,USA,Nasdaq Global Select,true,B,Nasdaq Global Select Market
2026.08.11-v1,BAX,Baxter International,Aktie,USA,Health Care,true,A,S&P 500
2026.08.11-v1,BBIO,"BridgeBio Pharma, Inc.",Aktie,USA,Nasdaq Global Select,true,B,Nasdaq Global Select Market
2026.08.11-v1,BBSI,"Barrett Business Services, Inc.",Aktie,USA,Nasdaq Global Select,true,B,Nasdaq Global Select Market
2026.08.11-v1,BBT,Beacon Financial Corp.,Aktie,USA,Financials,true,C,S&P SmallCap 600
2026.08.11-v1,BBWI,"Bath & Body Works, Inc.",Aktie,USA,Consumer Discretionary,true,B,S&P MidCap 400
2026.08.11-v1,BBY,Best Buy,Aktie,USA,Consumer Discretionary,true,A,S&P 500
2026.08.11-v1,BC,Brunswick,Aktie,USA,Consumer Discretionary,true,B,S&P MidCap 400
2026.08.11-v1,BCC,Boise Cascade,Aktie,USA,Industrials,true,C,S&P SmallCap 600
2026.08.11-v1,BCIC,BCP Investment Corporation,Aktie,USA,Nasdaq Global Select,true,B,Nasdaq Global Select Market
2026.08.11-v1,BCML,BayCom Corp,Aktie,USA,Nasdaq Global Select,true,B,Nasdaq Global Select Market
2026.08.11-v1,BCO,Brink's,Aktie,USA,Industrials,true,B,S&P MidCap 400
2026.08.11-v1,BCPC,Balchem Corporation,Aktie,USA,Materials,true,C,Nasdaq Global Select Market; S&P SmallCap 600
2026.08.11-v1,BCRX,"BioCryst Pharmaceuticals, Inc.",Aktie,USA,Nasdaq Global Select,true,B,Nasdaq Global Select Market
2026.08.11-v1,BCYC,Bicycle Therapeutics plc,Aktie,USA,Nasdaq Global Select,true,B,Nasdaq Global Select Market
2026.08.11-v1,BDC,Belden Inc.,Aktie,USA,Information Technology,true,B,S&P MidCap 400
2026.08.11-v1,BDTX,"Black Diamond Therapeutics, Inc.",Aktie,USA,Nasdaq Global Select,true,B,Nasdaq Global Select Market
2026.08.11-v1,BDX,Becton Dickinson,Aktie,USA,Health Care,true,A,S&P 500
2026.08.11-v1,BEAM,Beam Therapeutics Inc.,Aktie,USA,Nasdaq Global Select,true,B,Nasdaq Global Select Market
2026.08.11-v1,BELFA,Bel Fuse Inc.,Aktie,USA,Nasdaq Global Select,true,B,Nasdaq Global Select Market
2026.08.11-v1,BELFB,Bel Fuse Inc.,Aktie,USA,Nasdaq Global Select,true,B,Nasdaq Global Select Market
2026.08.11-v1,BEN,Franklin Resources,Aktie,USA,Financials,true,A,S&P 500
2026.08.11-v1,BF-B,Brown–Forman,Aktie,USA,Consumer Staples,true,A,S&P 500
2026.08.11-v1,BFAM,Bright Horizons Family Solutions Inc.,Aktie,USA,Consumer Discretionary,true,C,S&P SmallCap 600
2026.08.11-v1,BFH,"Bread Financial Holdings, Inc.",Aktie,USA,Financials,true,C,S&P SmallCap 600
2026.08.11-v1,BFS,"Saul Centers, Inc.",Aktie,USA,Real Estate,true,C,S&P SmallCap 600
2026.08.11-v1,BFST,"Business First Bancshares, Inc.",Aktie,USA,Nasdaq Global Select,true,B,Nasdaq Global Select Market
2026.08.11-v1,BG,Bunge Global,Aktie,USA,Consumer Staples,true,A,S&P 500
2026.08.11-v1,BGC,"BGC Group, Inc.",Aktie,USA,Financials,true,C,Nasdaq Global Select Market; S&P SmallCap 600
2026.08.11-v1,BHE,"Benchmark Electronics, Inc.",Aktie,USA,Information Technology,true,C,S&P SmallCap 600
2026.08.11-v1,BHF,Brighthouse Financial,Aktie,USA,Financials,true,B,Nasdaq Global Select Market; S&P MidCap 400
2026.08.11-v1,BHFAL,"Brighthouse Financial, Inc.",Aktie,USA,Nasdaq Global Select,true,B,Nasdaq Global Select Market
2026.08.11-v1,BIDU,"Baidu, Inc.",Aktie,USA,Nasdaq Global Select,true,B,Nasdaq Global Select Market
2026.08.11-v1,BIIB,Biogen,Aktie,USA,Health Care,true,A,Nasdaq Global Select Market; S&P 500
2026.08.11-v1,BILI,Bilibili Inc.,Aktie,USA,Nasdaq Global Select,true,B,Nasdaq Global Select Market
2026.08.11-v1,BILL,Bill Holdings,Aktie,USA,Information Technology,true,B,S&P MidCap 400
2026.08.11-v1,BIO,Bio-Rad Laboratories,Aktie,USA,Health Care,true,B,S&P MidCap 400
2026.08.11-v1,BIOA,"BioAge Labs, Inc.",Aktie,USA,Nasdaq Global Select,true,B,Nasdaq Global Select Market
2026.08.11-v1,BIRD,"Smartbird, Inc.",Aktie,USA,Nasdaq Global Select,true,B,Nasdaq Global Select Market
2026.08.11-v1,BJ,BJ's Wholesale Club,Aktie,USA,Consumer Staples,true,B,S&P MidCap 400
2026.08.11-v1,BJRI,"BJ's Restaurants, Inc.",Aktie,USA,Consumer Discretionary,true,C,Nasdaq Global Select Market; S&P SmallCap 600
2026.08.11-v1,BKE,"The Buckle, Inc.",Aktie,USA,Consumer Discretionary,true,C,S&P SmallCap 600
2026.08.11-v1,BKH,Black Hills Corporation,Aktie,USA,Utilities,true,B,S&P MidCap 400
2026.08.11-v1,BKNG,Booking Holdings,Aktie,USA,Reisen,true,A,Kuratiertes Prognoseuniversum; Nasdaq Global Select Market; S&P 500
2026.08.11-v1,BKR,Baker Hughes,Aktie,USA,Energy,true,A,Nasdaq Global Select Market; S&P 500
2026.08.11-v1,BKU,"BankUnited, Inc.",Aktie,USA,Financials,true,C,S&P SmallCap 600
2026.08.11-v1,BL,"BlackLine Systems, Inc.",Aktie,USA,Information Technology,true,C,Nasdaq Global Select Market; S&P SmallCap 600
2026.08.11-v1,BLDR,Builders FirstSource,Aktie,USA,Industrials,true,A,S&P 500
2026.08.11-v1,BLFS,"BioLife Solutions, Inc.",Aktie,USA,Health Care,true,C,S&P SmallCap 600
2026.08.11-v1,BLK,BlackRock,Aktie,USA,Finanzen,true,A,Kuratiertes Prognoseuniversum; S&P 500
2026.08.11-v1,BLKB,Blackbaud,Aktie,USA,Information Technology,true,C,Nasdaq Global Select Market; S&P SmallCap 600
2026.08.11-v1,BLLN,"BillionToOne, Inc.",Aktie,USA,Nasdaq Global Select,true,B,Nasdaq Global Select Market
2026.08.11-v1,BLMN,"Bloomin' Brands, Inc.",Aktie,USA,Nasdaq Global Select,true,B,Nasdaq Global Select Market
2026.08.11-v1,BLSM,"BlossomHill Therapeutics, Inc.",Aktie,USA,Nasdaq Global Select,true,B,Nasdaq Global Select Market
2026.08.11-v1,BMBL,Bumble Inc.,Aktie,USA,Nasdaq Global Select,true,B,Nasdaq Global Select Market
2026.08.11-v1,BMEA,"Biomea Fusion, Inc.",Aktie,USA,Nasdaq Global Select,true,B,Nasdaq Global Select Market
2026.08.11-v1,BMI,"Badger Meter, Inc.",Aktie,USA,Information Technology,true,C,S&P SmallCap 600
2026.08.11-v1,BMRC,Bank of Marin Bancorp,Aktie,USA,Nasdaq Global Select,true,B,Nasdaq Global Select Market
2026.08.11-v1,BMRN,BioMarin Pharmaceutical,Aktie,USA,Health Care,true,B,Nasdaq Global Select Market; S&P MidCap 400
2026.08.11-v1,BMY,Bristol Myers Squibb,Aktie,USA,Gesundheit,true,A,Kuratiertes Prognoseuniversum; S&P 500
2026.08.11-v1,BNL,"Broadstone Net Lease, Inc.",Aktie,USA,Real Estate,true,C,S&P SmallCap 600
2026.08.11-v1,BNTX,BioNTech SE,Aktie,USA,Nasdaq Global Select,true,B,Nasdaq Global Select Market
2026.08.11-v1,BNY,Bank of New York Mellon,Aktie,USA,Finanzen,true,A,Kuratiertes Prognoseuniversum; S&P 500
2026.08.11-v1,BOH,Bank of Hawaii,Aktie,USA,Financials,true,C,S&P SmallCap 600
2026.08.11-v1,BOKF,BOK Financial Corporation,Aktie,USA,Nasdaq Global Select,true,B,Nasdaq Global Select Market
2026.08.11-v1,BOLD,"Boundless Bio, Inc.",Aktie,USA,Nasdaq Global Select,true,B,Nasdaq Global Select Market
2026.08.11-v1,BOOM,DMC Global Inc.,Aktie,USA,Nasdaq Global Select,true,B,Nasdaq Global Select Market
2026.08.11-v1,BOOT,"Boot Barn Holdings, Inc.",Aktie,USA,Consumer Discretionary,true,C,S&P SmallCap 600
2026.08.11-v1,BOX,"Box, Inc.",Aktie,USA,Information Technology,true,C,S&P SmallCap 600
2026.08.11-v1,BPOP,"Popular, Inc.",Aktie,USA,Nasdaq Global Select,true,B,Nasdaq Global Select Market
2026.08.11-v1,BPRN,"Princeton Bancorp, Inc.",Aktie,USA,Nasdaq Global Select,true,B,Nasdaq Global Select Market
2026.08.11-v1,BR,Broadridge Financial Solutions,Aktie,USA,Industrials,true,A,S&P 500
2026.08.11-v1,BRAG,Bragg Gaming Group Inc.,Aktie,USA,Nasdaq Global Select,true,B,Nasdaq Global Select Market
2026.08.11-v1,BRC,Brady Corporation,Aktie,USA,Industrials,true,C,S&P SmallCap 600
2026.08.11-v1,BRK-B,Berkshire Hathaway,Aktie,USA,Konglomerat,true,A,Kuratiertes Prognoseuniversum; S&P 500
2026.08.11-v1,BRKR,Bruker,Aktie,USA,Health Care,true,B,Nasdaq Global Select Market; S&P MidCap 400
2026.08.11-v1,BRO,Brown & Brown,Aktie,USA,Financials,true,A,S&P 500
2026.08.11-v1,BROS,Dutch Bros Inc.,Aktie,USA,Consumer Discretionary,true,B,S&P MidCap 400
2026.08.11-v1,BRX,Brixmor Property Group,Aktie,USA,Real Estate,true,B,S&P MidCap 400
2026.08.11-v1,BRZE,"Braze, Inc.",Aktie,USA,Nasdaq Global Select,true,B,Nasdaq Global Select Market
2026.08.11-v1,BSET,"Bassett Furniture Industries, Incorporated",Aktie,USA,Nasdaq Global Select,true,B,Nasdaq Global Select Market
2026.08.11-v1,BSP,Bending Spoons S.p.A.,Aktie,USA,Nasdaq Global Select,true,B,Nasdaq Global Select Market
2026.08.11-v1,BSRR,Sierra Bancorp,Aktie,USA,Nasdaq Global Select,true,B,Nasdaq Global Select Market
2026.08.11-v1,BSVN,Bank7 Corp.,Aktie,USA,Nasdaq Global Select,true,B,Nasdaq Global Select Market
2026.08.11-v1,BSX,Boston Scientific,Aktie,USA,Health Care,true,A,S&P 500
2026.08.11-v1,BSY,Bentley Systems,Aktie,USA,Information Technology,true,B,Nasdaq Global Select Market; S&P MidCap 400
2026.08.11-v1,BTSG,BrightSpring Health Services,Aktie,USA,Health Care,true,B,Nasdaq Global Select Market; S&P MidCap 400
2026.08.11-v1,BTU,"Peabody Energy, Inc.",Aktie,USA,Energy,true,C,S&P SmallCap 600
2026.08.11-v1,BURL,Burlington Stores,Aktie,USA,Consumer Discretionary,true,B,S&P MidCap 400
2026.08.11-v1,BUSE,First Busey Corporation,Aktie,USA,Nasdaq Global Select,true,B,Nasdaq Global Select Market
2026.08.11-v1,BVS,Bioventus Inc.,Aktie,USA,Nasdaq Global Select,true,B,Nasdaq Global Select Market
2026.08.11-v1,BWA,BorgWarner,Aktie,USA,Consumer Discretionary,true,B,S&P MidCap 400
2026.08.11-v1,BWIN,"The Baldwin Insurance Group, Inc.",Aktie,USA,Nasdaq Global Select,true,B,Nasdaq Global Select Market
2026.08.11-v1,BWXT,BWX Technologies,Aktie,USA,Industrials,true,B,S&P MidCap 400
2026.08.11-v1,BX,Blackstone Inc.,Aktie,USA,Financials,true,A,S&P 500
2026.08.11-v1,BXMT,"Blackstone Mortgage Trust, Inc.",Aktie,USA,Financials,true,C,S&P SmallCap 600
2026.08.11-v1,BXP,"BXP, Inc.",Aktie,USA,Real Estate,true,A,S&P 500
2026.08.11-v1,BYD,Boyd Gaming,Aktie,USA,Consumer Discretionary,true,B,S&P MidCap 400
2026.08.11-v1,BZ,KANZHUN LIMITED,Aktie,USA,Nasdaq Global Select,true,B,Nasdaq Global Select Market
2026.08.11-v1,BZUN,Baozun Inc.,Aktie,USA,Nasdaq Global Select,true,B,Nasdaq Global Select Market
2026.08.11-v1,C,Citigroup,Aktie,USA,Financials,true,A,S&P 500
2026.08.11-v1,CABA,"Cabaletta Bio, Inc.",Aktie,USA,Nasdaq Global Select,true,B,Nasdaq Global Select Market
2026.08.11-v1,CAC,Camden National Corporation,Aktie,USA,Nasdaq Global Select,true,B,Nasdaq Global Select Market
2026.08.11-v1,CACC,Credit Acceptance,Aktie,USA,Financials,true,C,Nasdaq Global Select Market; S&P SmallCap 600
2026.08.11-v1,CACI,CACI International,Aktie,USA,Industrials,true,B,S&P MidCap 400
2026.08.11-v1,CAE,CAE Inc,Aktie,USA,Nasdaq Global Select,true,B,Nasdaq Global Select Market
2026.08.11-v1,CAG,Conagra Brands,Aktie,USA,Consumer Staples,true,C,S&P SmallCap 600
2026.08.11-v1,CAH,Cardinal Health,Aktie,USA,Health Care,true,A,S&P 500
2026.08.11-v1,CAI,"Caris Life Sciences, Inc.",Aktie,USA,Nasdaq Global Select,true,B,Nasdaq Global Select Market
2026.08.11-v1,CAKE,"The Cheesecake Factory, Inc.",Aktie,USA,Consumer Discretionary,true,C,Nasdaq Global Select Market; S&P SmallCap 600
2026.08.11-v1,CALM,"Cal-Maine Foods, Inc.",Aktie,USA,Consumer Staples,true,C,Nasdaq Global Select Market; S&P SmallCap 600
2026.08.11-v1,CALX,Calix,Aktie,USA,Information Technology,true,C,S&P SmallCap 600
2026.08.11-v1,CALY,Callaway Golf Company,Aktie,USA,Consumer Discretionary,true,C,S&P SmallCap 600
2026.08.11-v1,CAPR,"Capricor Therapeutics, Inc.",Aktie,USA,Nasdaq Global Select,true,B,Nasdaq Global Select Market
2026.08.11-v1,CAR,Avis Budget Group,Aktie,USA,Industrials,true,B,Nasdaq Global Select Market; S&P MidCap 400
2026.08.11-v1,CARE,"Carter Bankshares, Inc.",Aktie,USA,Nasdaq Global Select,true,B,Nasdaq Global Select Market
2026.08.11-v1,CARG,CarGurus,Aktie,USA,Communication Services,true,C,Nasdaq Global Select Market; S&P SmallCap 600
2026.08.11-v1,CARL,"Carlsmed, Inc.",Aktie,USA,Nasdaq Global Select,true,B,Nasdaq Global Select Market
2026.08.11-v1,CARR,Carrier Global,Aktie,USA,Industrials,true,A,S&P 500
2026.08.11-v1,CART,Maplebear Inc.,Aktie,USA,Consumer Staples,true,B,Nasdaq Global Select Market; S&P MidCap 400
2026.08.11-v1,CASH,"Pathward Financial, Inc.",Aktie,USA,Financials,true,C,Nasdaq Global Select Market; S&P SmallCap 600
2026.08.11-v1,CASS,"Cass Information Systems, Inc",Aktie,USA,Nasdaq Global Select,true,B,Nasdaq Global Select Market
2026.08.11-v1,CASY,Casey's,Aktie,USA,Consumer Staples,true,A,Nasdaq Global Select Market; S&P 500
2026.08.11-v1,CAT,Caterpillar,Aktie,USA,Industrie,true,A,Kuratiertes Prognoseuniversum; S&P 500
2026.08.11-v1,CATY,Cathay General Bancorp,Aktie,USA,Financials,true,C,Nasdaq Global Select Market; S&P SmallCap 600
2026.08.11-v1,CAVA,Cava Group,Aktie,USA,Consumer Discretionary,true,B,S&P MidCap 400
2026.08.11-v1,CB,Chubb Limited,Aktie,USA,Financials,true,A,S&P 500
2026.08.11-v1,CBC,"Central Bancompany, Inc.",Aktie,USA,Nasdaq Global Select,true,B,Nasdaq Global Select Market
2026.08.11-v1,CBLL,"CeriBell, Inc.",Aktie,USA,Nasdaq Global Select,true,B,Nasdaq Global Select Market
2026.08.11-v1,CBNK,"Capital Bancorp, Inc.",Aktie,USA,Nasdaq Global Select,true,B,Nasdaq Global Select Market
2026.08.11-v1,CBOE,Cboe Global Markets,Aktie,USA,Financials,true,A,S&P 500
2026.08.11-v1,CBRE,CBRE Group,Aktie,USA,Real Estate,true,A,S&P 500
2026.08.11-v1,CBRL,Cracker Barrel,Aktie,USA,Consumer Discretionary,true,C,Nasdaq Global Select Market; S&P SmallCap 600
2026.08.11-v1,CBRS,Cerebras Systems Inc.,Aktie,USA,Nasdaq Global Select,true,B,Nasdaq Global Select Market
2026.08.11-v1,CBSH,Commerce Bancshares,Aktie,USA,Financials,true,B,Nasdaq Global Select Market; S&P MidCap 400
2026.08.11-v1,CBT,Cabot Corp,Aktie,USA,Materials,true,B,S&P MidCap 400
2026.08.11-v1,CBU,"Community Bank System, Inc.",Aktie,USA,Financials,true,C,S&P SmallCap 600
2026.08.11-v1,CC,Chemours,Aktie,USA,Materials,true,C,S&P SmallCap 600
2026.08.11-v1,CCB,Coastal Financial Corporation,Aktie,USA,Nasdaq Global Select,true,B,Nasdaq Global Select Market
2026.08.11-v1,CCBG,Capital City Bank Group,Aktie,USA,Nasdaq Global Select,true,B,Nasdaq Global Select Market
2026.08.11-v1,CCC,CCC Intelligent Solutions Holdings Inc.,Aktie,USA,Nasdaq Global Select,true,B,Nasdaq Global Select Market
2026.08.11-v1,CCCC,"C4 Therapeutics, Inc.",Aktie,USA,Nasdaq Global Select,true,B,Nasdaq Global Select Market
2026.08.11-v1,CCD,Calamos Dynamic Convertible & Income Fund,Aktie,USA,Nasdaq Global Select,true,B,Nasdaq Global Select Market
2026.08.11-v1,CCEC,Capital Clean Energy Carriers Corp.,Aktie,USA,Nasdaq Global Select,true,B,Nasdaq Global Select Market
2026.08.11-v1,CCEP,Coca-Cola Europacific Partners plc,Aktie,USA,Nasdaq Global Select,true,B,Nasdaq Global Select Market
2026.08.11-v1,CCI,Crown Castle,Aktie,USA,Real Estate,true,A,S&P 500
2026.08.11-v1,CCK,Crown Holdings,Aktie,USA,Materials,true,B,S&P MidCap 400
2026.08.11-v1,CCL,Carnival Corporation,Aktie,USA,Consumer Discretionary,true,A,S&P 500
2026.08.11-v1,CCNE,CNB Financial Corporation,Aktie,USA,Nasdaq Global Select,true,B,Nasdaq Global Select Market
2026.08.11-v1,CCOI,"Cogent Communications Holdings, Inc.",Aktie,USA,Communication Services,true,C,Nasdaq Global Select Market; S&P SmallCap 600
2026.08.11-v1,CCS,"Century Communities, Inc.",Aktie,USA,Consumer Discretionary,true,C,S&P SmallCap 600
2026.08.11-v1,CCSI,"Consensus Cloud Solutions, Inc.",Aktie,USA,Nasdaq Global Select,true,B,Nasdaq Global Select Market
2026.08.11-v1,CDE,Coeur Mining,Aktie,USA,Materials,true,B,S&P MidCap 400
2026.08.11-v1,CDNL,Cardinal Infrastructure Group Inc.,Aktie,USA,Nasdaq Global Select,true,B,Nasdaq Global Select Market
2026.08.11-v1,CDNS,Cadence Design Systems,Aktie,USA,Information Technology,true,A,Nasdaq Global Select Market; S&P 500
2026.08.11-v1,CDP,COPT Defense Properties,Aktie,USA,Real Estate,true,B,S&P MidCap 400
2026.08.11-v1,CDW,CDW Corporation,Aktie,USA,Information Technology,true,A,Nasdaq Global Select Market; S&P 500
2026.08.11-v1,CDXS,"Codexis, Inc.",Aktie,USA,Nasdaq Global Select,true,B,Nasdaq Global Select Market
2026.08.11-v1,CE,Celanese,Aktie,USA,Materials,true,C,S&P SmallCap 600
2026.08.11-v1,CECO,CECO Environmental Corp.,Aktie,USA,Nasdaq Global Select,true,B,Nasdaq Global Select Market
2026.08.11-v1,CEG,Constellation Energy,Aktie,USA,Utilities,true,A,Nasdaq Global Select Market; S&P 500
2026.08.11-v1,CELH,Celsius Holdings,Aktie,USA,Consumer Staples,true,B,S&P MidCap 400
2026.08.11-v1,CENT,Central Garden & Pet Company,Aktie,USA,Consumer Staples,true,C,Nasdaq Global Select Market; S&P SmallCap 600
2026.08.11-v1,CENTA,Central Garden & Pet Company (Class A),Aktie,USA,Consumer Staples,true,C,Nasdaq Global Select Market; S&P SmallCap 600
2026.08.11-v1,CENX,Century Aluminum Company,Aktie,USA,Materials,true,C,Nasdaq Global Select Market; S&P SmallCap 600
2026.08.11-v1,CERT,"Certara, Inc.",Aktie,USA,Health Care,true,C,Nasdaq Global Select Market; S&P SmallCap 600
2026.08.11-v1,CEVA,"CEVA, Inc.",Aktie,USA,Nasdaq Global Select,true,B,Nasdaq Global Select Market
2026.08.11-v1,CF,CF Industries,Aktie,USA,Materials,true,A,S&P 500
2026.08.11-v1,CFFI,C&F Financial Corporation,Aktie,USA,Nasdaq Global Select,true,B,Nasdaq Global Select Market
2026.08.11-v1,CFFN,Capitol Federal Savings Bank,Aktie,USA,Financials,true,C,Nasdaq Global Select Market; S&P SmallCap 600
2026.08.11-v1,CFG,Citizens Financial Group,Aktie,USA,Financials,true,A,S&P 500
2026.08.11-v1,CFR,Frost Bank,Aktie,USA,Financials,true,B,S&P MidCap 400
2026.08.11-v1,CG,Carlyle Group (The),Aktie,USA,Financials,true,B,Nasdaq Global Select Market; S&P MidCap 400
2026.08.11-v1,CGBD,"Carlyle Secured Lending, Inc.",Aktie,USA,Nasdaq Global Select,true,B,Nasdaq Global Select Market
2026.08.11-v1,CGC,Canopy Growth Corporation,Aktie,USA,Nasdaq Global Select,true,B,Nasdaq Global Select Market
2026.08.11-v1,CGEM,"Cullinan Therapeutics, Inc.",Aktie,USA,Nasdaq Global Select,true,B,Nasdaq Global Select Market
2026.08.11-v1,CGNT,Cognyte Software Ltd.,Aktie,USA,Nasdaq Global Select,true,B,Nasdaq Global Select Market
2026.08.11-v1,CGNX,Cognex,Aktie,USA,Information Technology,true,B,Nasdaq Global Select Market; S&P MidCap 400
2026.08.11-v1,CGO,Calamos Global Total Return Fund,Aktie,USA,Nasdaq Global Select,true,B,Nasdaq Global Select Market
2026.08.11-v1,CGON,"CG Oncology, Inc.",Aktie,USA,Nasdaq Global Select,true,B,Nasdaq Global Select Market
2026.08.11-v1,CHA,Chagee Holdings Limited,Aktie,USA,Nasdaq Global Select,true,B,Nasdaq Global Select Market
2026.08.11-v1,CHCO,City Holding Company,Aktie,USA,Financials,true,C,Nasdaq Global Select Market; S&P SmallCap 600
2026.08.11-v1,CHD,Church & Dwight,Aktie,USA,Consumer Staples,true,A,S&P 500
2026.08.11-v1,CHDN,Churchill Downs Inc.,Aktie,USA,Consumer Discretionary,true,B,Nasdaq Global Select Market; S&P MidCap 400
2026.08.11-v1,CHE,Chemed Corp.,Aktie,USA,Health Care,true,B,S&P MidCap 400
2026.08.11-v1,CHEF,"Chefs' Warehouse, Inc.",Aktie,USA,Consumer Staples,true,C,Nasdaq Global Select Market; S&P SmallCap 600
2026.08.11-v1,CHH,Choice Hotels,Aktie,USA,Consumer Discretionary,true,B,S&P MidCap 400
2026.08.11-v1,CHI,Calamos Convertible Opportunities and Income Fund,Aktie,USA,Nasdaq Global Select,true,B,Nasdaq Global Select Market
2026.08.11-v1,CHKP,Check Point Software Technologies Ltd.,Aktie,USA,Nasdaq Global Select,true,B,Nasdaq Global Select Market
2026.08.11-v1,CHMG,Chemung Financial Corp,Aktie,USA,Nasdaq Global Select,true,B,Nasdaq Global Select Market
2026.08.11-v1,CHRD,Chord Energy,Aktie,USA,Energy,true,B,Nasdaq Global Select Market; S&P MidCap 400
2026.08.11-v1,CHRW,C.H. Robinson,Aktie,USA,Industrials,true,A,Nasdaq Global Select Market; S&P 500
2026.08.11-v1,CHTR,Charter Communications,Aktie,USA,Communication Services,true,A,Nasdaq Global Select Market; S&P 500
2026.08.11-v1,CHW,Calamos Global Dynamic Income Fund,Aktie,USA,Nasdaq Global Select,true,B,Nasdaq Global Select Market
2026.08.11-v1,CHWY,Chewy,Aktie,USA,Consumer Discretionary,true,B,S&P MidCap 400
2026.08.11-v1,CHY,Calamos Convertible and High Income Fund,Aktie,USA,Nasdaq Global Select,true,B,Nasdaq Global Select Market
2026.08.11-v1,CHYM,"Chime Financial, Inc.",Aktie,USA,Nasdaq Global Select,true,B,Nasdaq Global Select Market
2026.08.11-v1,CI,Cigna,Aktie,USA,Gesundheit,true,A,Kuratiertes Prognoseuniversum; S&P 500
2026.08.11-v1,CIEN,Ciena,Aktie,USA,Information Technology,true,A,S&P 500
2026.08.11-v1,CIFR,Cipher Digital Inc.,Aktie,USA,Nasdaq Global Select,true,B,Nasdaq Global Select Market
2026.08.11-v1,CIGI,Colliers International Group Inc.,Aktie,USA,Nasdaq Global Select,true,B,Nasdaq Global Select Market
2026.08.11-v1,CINF,Cincinnati Financial,Aktie,USA,Financials,true,A,Nasdaq Global Select Market; S&P 500
2026.08.11-v1,CL,Colgate-Palmolive,Aktie,USA,Consumer Staples,true,A,S&P 500
2026.08.11-v1,CLAR,Clarus Corporation,Aktie,USA,Nasdaq Global Select,true,B,Nasdaq Global Select Market
2026.08.11-v1,CLBK,"Columbia Financial, Inc.",Aktie,USA,Nasdaq Global Select,true,B,Nasdaq Global Select Market
2026.08.11-v1,CLBT,Cellebrite DI Ltd.,Aktie,USA,Nasdaq Global Select,true,B,Nasdaq Global Select Market
2026.08.11-v1,CLF,Cleveland-Cliffs,Aktie,USA,Materials,true,B,S&P MidCap 400
2026.08.11-v1,CLH,Clean Harbors,Aktie,USA,Industrials,true,B,S&P MidCap 400
2026.08.11-v1,CLMT,"Calumet, Inc",Aktie,USA,Nasdaq Global Select,true,B,Nasdaq Global Select Market
2026.08.11-v1,CLNE,Clean Energy Fuels Corp.,Aktie,USA,Nasdaq Global Select,true,B,Nasdaq Global Select Market
2026.08.11-v1,CLOV,"Clover Health Investments, Corp.",Aktie,USA,Nasdaq Global Select,true,B,Nasdaq Global Select Market
2026.08.11-v1,CLSK,"CleanSpark, Inc.",Aktie,USA,Information Technology,true,C,S&P SmallCap 600
2026.08.11-v1,CLX,Clorox,Aktie,USA,Consumer Staples,true,A,S&P 500
2026.08.11-v1,CMC,Commercial Metals,Aktie,USA,Materials,true,B,S&P MidCap 400
2026.08.11-v1,CMCO,Columbus McKinnon Corporation,Aktie,USA,Nasdaq Global Select,true,B,Nasdaq Global Select Market
2026.08.11-v1,CMCSA,Comcast,Aktie,USA,Medien,true,A,Kuratiertes Prognoseuniversum; Nasdaq Global Select Market; S&P 500
2026.08.11-v1,CME,CME Group,Aktie,USA,Finanzen,true,A,Kuratiertes Prognoseuniversum; Nasdaq Global Select Market; S&P 500
2026.08.11-v1,CMG,Chipotle Mexican Grill,Aktie,USA,Konsum,true,A,Kuratiertes Prognoseuniversum; S&P 500
2026.08.11-v1,CMI,Cummins,Aktie,USA,Industrials,true,A,S&P 500
2026.08.11-v1,CMPR,Cimpress plc,Aktie,USA,Nasdaq Global Select,true,B,Nasdaq Global Select Market
2026.08.11-v1,CMPS,COMPASS Pathways Plc,Aktie,USA,Nasdaq Global Select,true,B,Nasdaq Global Select Market
2026.08.11-v1,CMS,CMS Energy,Aktie,USA,Utilities,true,A,S&P 500
2026.08.11-v1,CMTL,Comtech Telecommunications Corp.,Aktie,USA,Nasdaq Global Select,true,B,Nasdaq Global Select Market
2026.08.11-v1,CNC,Centene Corporation,Aktie,USA,Health Care,true,A,S&P 500
2026.08.11-v1,CNDT,Conduent Incorporated,Aktie,USA,Nasdaq Global Select,true,B,Nasdaq Global Select Market
2026.08.11-v1,CNH,CNH Industrial,Aktie,USA,Industrials,true,B,S&P MidCap 400
2026.08.11-v1,CNK,"Cinemark Holdings, Inc.",Aktie,USA,Communication Services,true,C,S&P SmallCap 600
2026.08.11-v1,CNL,Collective Mining Ltd.,Aktie,USA,Nasdaq Global Select,true,B,Nasdaq Global Select Market
2026.08.11-v1,CNM,Core & Main,Aktie,USA,Industrials,true,B,S&P MidCap 400
2026.08.11-v1,CNMD,CONMED Corporation,Aktie,USA,Health Care,true,C,S&P SmallCap 600
2026.08.11-v1,CNO,CNO Financial Group,Aktie,USA,Financials,true,B,S&P MidCap 400
2026.08.11-v1,CNOB,"ConnectOne Bancorp, Inc.",Aktie,USA,Nasdaq Global Select,true,B,Nasdaq Global Select Market
2026.08.11-v1,CNP,CenterPoint Energy,Aktie,USA,Utilities,true,A,S&P 500
2026.08.11-v1,CNR,"Core Natural Resources, Inc.",Aktie,USA,Energy,true,C,S&P SmallCap 600
2026.08.11-v1,CNS,"Cohen & Steers, Inc.",Aktie,USA,Financials,true,C,S&P SmallCap 600
2026.08.11-v1,CNX,CNX Resources,Aktie,USA,Energy,true,B,S&P MidCap 400
2026.08.11-v1,CNXC,Concentrix,Aktie,USA,Industrials,true,C,Nasdaq Global Select Market; S&P SmallCap 600
2026.08.11-v1,CNXN,"PC Connection, Inc.",Aktie,USA,Information Technology,true,C,Nasdaq Global Select Market; S&P SmallCap 600
2026.08.11-v1,COAG,"Hemab Therapeutics Holdings, Inc.",Aktie,USA,Nasdaq Global Select,true,B,Nasdaq Global Select Market
2026.08.11-v1,COCO,The Vita Coco Company,Aktie,USA,Consumer Staples,true,C,Nasdaq Global Select Market; S&P SmallCap 600
2026.08.11-v1,COF,Capital One,Aktie,USA,Financials,true,A,S&P 500
2026.08.11-v1,COGT,"Cogent Biosciences, Inc.",Aktie,USA,Nasdaq Global Select,true,B,Nasdaq Global Select Market
2026.08.11-v1,COHR,Coherent Corp.,Aktie,USA,Information Technology,true,A,S&P 500
2026.08.11-v1,COHU,"Cohu, Inc.",Aktie,USA,Information Technology,true,C,Nasdaq Global Select Market; S&P SmallCap 600
2026.08.11-v1,COIN,Coinbase,Aktie,USA,Financials,true,A,Nasdaq Global Select Market; S&P 500
2026.08.11-v1,COKE,Coca-Cola Consolidated,Aktie,USA,Consumer Staples,true,B,Nasdaq Global Select Market; S&P MidCap 400
2026.08.11-v1,COLB,Columbia Banking System,Aktie,USA,Financials,true,B,Nasdaq Global Select Market; S&P MidCap 400
2026.08.11-v1,COLL,"Collegium Pharmaceutical, Inc.",Aktie,USA,Health Care,true,C,Nasdaq Global Select Market; S&P SmallCap 600
2026.08.11-v1,COLM,Columbia Sportswear,Aktie,USA,Consumer Discretionary,true,B,Nasdaq Global Select Market; S&P MidCap 400
2026.08.11-v1,CON,"Concentra Group Holdings Parent, Inc.",Aktie,USA,Health Care,true,C,S&P SmallCap 600
2026.08.11-v1,COO,Cooper Companies (The),Aktie,USA,Health Care,true,A,Nasdaq Global Select Market; S&P 500
2026.08.11-v1,COP,ConocoPhillips,Aktie,USA,Energie,true,A,Kuratiertes Prognoseuniversum; S&P 500
2026.08.11-v1,COR,Cencora,Aktie,USA,Health Care,true,A,S&P 500
2026.08.11-v1,CORT,Corcept Therapeutics Incorporated,Aktie,USA,Health Care,true,C,S&P SmallCap 600
2026.08.11-v1,CORZ,"Core Scientific, Inc.",Aktie,USA,Nasdaq Global Select,true,B,Nasdaq Global Select Market
2026.08.11-v1,COST,Costco,Aktie,USA,Konsum,true,A,Kuratiertes Prognoseuniversum; Nasdaq Global Select Market; S&P 500
2026.08.11-v1,COTY,Coty,Aktie,USA,Consumer Staples,true,C,S&P SmallCap 600
2026.08.11-v1,CPAY,Corpay,Aktie,USA,Financials,true,A,S&P 500
2026.08.11-v1,CPB,The Campbell's Company,Aktie,USA,Consumer Staples,true,C,Nasdaq Global Select Market; S&P SmallCap 600
2026.08.11-v1,CPF,Central Pacific Financial Corp.,Aktie,USA,Financials,true,C,S&P SmallCap 600
2026.08.11-v1,CPIX,Cumberland Pharmaceuticals Inc.,Aktie,USA,Nasdaq Global Select,true,B,Nasdaq Global Select Market
2026.08.11-v1,CPK,Chesapeake Utilities Corp.,Aktie,USA,Utilities,true,C,S&P SmallCap 600
2026.08.11-v1,CPRI,Capri Holdings,Aktie,USA,Consumer Discretionary,true,B,S&P MidCap 400
2026.08.11-v1,CPRT,Copart,Aktie,USA,Industrials,true,A,Nasdaq Global Select Market; S&P 500
2026.08.11-v1,CPT,Camden Property Trust,Aktie,USA,Real Estate,true,A,S&P 500
2026.08.11-v1,CPZ,Calamos Long/Short Equity & Dynamic Income Trust,Aktie,USA,Nasdaq Global Select,true,B,Nasdaq Global Select Market
2026.08.11-v1,CR,Crane,Aktie,USA,Industrials,true,B,S&P MidCap 400
2026.08.11-v1,CRAI,"CRA International,Inc.",Aktie,USA,Nasdaq Global Select,true,B,Nasdaq Global Select Market
2026.08.11-v1,CRBG,Corebridge Financial,Aktie,USA,Financials,true,B,S&P MidCap 400
2026.08.11-v1,CRBU,"Caribou Biosciences, Inc.",Aktie,USA,Nasdaq Global Select,true,B,Nasdaq Global Select Market
2026.08.11-v1,CRC,California Resources Corporation,Aktie,USA,Energy,true,C,S&P SmallCap 600
2026.08.11-v1,CRCT,"Cricut, Inc.",Aktie,USA,Nasdaq Global Select,true,B,Nasdaq Global Select Market
2026.08.11-v1,CRDO,Credo Technology Group Holding Ltd,Aktie,USA,Nasdaq Global Select,true,B,Nasdaq Global Select Market
2026.08.11-v1,CRESY,Cresud S.A.C.I.F. y A.,Aktie,USA,Nasdaq Global Select,true,B,Nasdaq Global Select Market
2026.08.11-v1,CRGY,Crescent Energy Company,Aktie,USA,Energy,true,C,S&P SmallCap 600
2026.08.11-v1,CRH,CRH plc,Aktie,USA,Materials,true,A,S&P 500
2026.08.11-v1,CRI,"Carter's, Inc.",Aktie,USA,Consumer Discretionary,true,C,S&P SmallCap 600
2026.08.11-v1,CRK,"Comstock Resources, Inc.",Aktie,USA,Energy,true,C,S&P SmallCap 600
2026.08.11-v1,CRL,Charles River Laboratories,Aktie,USA,Health Care,true,A,S&P 500
2026.08.11-v1,CRM,Salesforce,Aktie,USA,Software,true,A,Kuratiertes Prognoseuniversum; S&P 500
2026.08.11-v1,CRMT,"America's Car-Mart, Inc.",Aktie,USA,Nasdaq Global Select,true,B,Nasdaq Global Select Market
2026.08.11-v1,CRNC,Cerence Inc.,Aktie,USA,Nasdaq Global Select,true,B,Nasdaq Global Select Market
2026.08.11-v1,CRNT,Ceragon Networks Ltd.,Aktie,USA,Nasdaq Global Select,true,B,Nasdaq Global Select Market
2026.08.11-v1,CRNX,"Crinetics Pharmaceuticals, Inc.",Aktie,USA,Nasdaq Global Select,true,B,Nasdaq Global Select Market
2026.08.11-v1,CROX,Crocs,Aktie,USA,Consumer Discretionary,true,B,Nasdaq Global Select Market; S&P MidCap 400
2026.08.11-v1,CRS,Carpenter Technology,Aktie,USA,Industrials,true,B,S&P MidCap 400
2026.08.11-v1,CRSR,Corsair Gaming,Aktie,USA,Information Technology,true,C,Nasdaq Global Select Market; S&P SmallCap 600
2026.08.11-v1,CRTO,Criteo S.A.,Aktie,USA,Nasdaq Global Select,true,B,Nasdaq Global Select Market
2026.08.11-v1,CRUS,Cirrus Logic,Aktie,USA,Information Technology,true,B,Nasdaq Global Select Market; S&P MidCap 400
2026.08.11-v1,CRVL,CorVel Corporation,Aktie,USA,Health Care,true,C,Nasdaq Global Select Market; S&P SmallCap 600
2026.08.11-v1,CRWD,CrowdStrike,Aktie,USA,Cybersicherheit,true,A,Kuratiertes Prognoseuniversum; Nasdaq Global Select Market; S&P 500
2026.08.11-v1,CRWV,"CoreWeave, Inc.",Aktie,USA,Nasdaq Global Select,true,B,Nasdaq Global Select Market
2026.08.11-v1,CSCO,Cisco Systems,Aktie,USA,Netzwerk,true,A,Kuratiertes Prognoseuniversum; Nasdaq Global Select Market; S&P 500
2026.08.11-v1,CSGP,CoStar Group,Aktie,USA,Real Estate,true,A,Nasdaq Global Select Market; S&P 500
2026.08.11-v1,CSHR,CoinShares PLC,Aktie,USA,Nasdaq Global Select,true,B,Nasdaq Global Select Market
2026.08.11-v1,CSIQ,Canadian Solar Inc.,Aktie,USA,Nasdaq Global Select,true,B,Nasdaq Global Select Market
2026.08.11-v1,CSL,Carlisle Companies,Aktie,USA,Industrials,true,B,S&P MidCap 400
2026.08.11-v1,CSQ,Calamos Strategic Total Return Fund,Aktie,USA,Nasdaq Global Select,true,B,Nasdaq Global Select Market
2026.08.11-v1,CSR,Centerspace Trust,Aktie,USA,Real Estate,true,C,S&P SmallCap 600
2026.08.11-v1,CSTE,Caesarstone Ltd.,Aktie,USA,Nasdaq Global Select,true,B,Nasdaq Global Select Market
2026.08.11-v1,CSW,"CSW Industrials, Inc.",Aktie,USA,Industrials,true,C,S&P SmallCap 600
2026.08.11-v1,CSWC,Capital Southwest Corporation,Aktie,USA,Nasdaq Global Select,true,B,Nasdaq Global Select Market
2026.08.11-v1,CSX,CSX,Aktie,USA,Infrastruktur,true,A,Kuratiertes Prognoseuniversum; Nasdaq Global Select Market; S&P 500
2026.08.11-v1,CTAS,Cintas,Aktie,USA,Industrials,true,A,Nasdaq Global Select Market; S&P 500
2026.08.11-v1,CTBI,"Community Trust Bancorp, Inc.",Aktie,USA,Nasdaq Global Select,true,B,Nasdaq Global Select Market
2026.08.11-v1,CTKB,"Cytek Biosciences, Inc.",Aktie,USA,Nasdaq Global Select,true,B,Nasdaq Global Select Market
2026.08.11-v1,CTMX,"CytomX Therapeutics, Inc.",Aktie,USA,Nasdaq Global Select,true,B,Nasdaq Global Select Market
2026.08.11-v1,CTNM,"Contineum Therapeutics, Inc.",Aktie,USA,Nasdaq Global Select,true,B,Nasdaq Global Select Market
2026.08.11-v1,CTRE,CareTrust REIT,Aktie,USA,Real Estate,true,B,S&P MidCap 400
2026.08.11-v1,CTRN,"Citi Trends, Inc.",Aktie,USA,Nasdaq Global Select,true,B,Nasdaq Global Select Market
2026.08.11-v1,CTS,CTS Corporation,Aktie,USA,Information Technology,true,C,S&P SmallCap 600
2026.08.11-v1,CTSH,Cognizant,Aktie,USA,Information Technology,true,A,Nasdaq Global Select Market; S&P 500
2026.08.11-v1,CTVA,Corteva,Aktie,USA,Materials,true,A,S&P 500
2026.08.11-v1,CUBE,CubeSmart,Aktie,USA,Real Estate,true,B,S&P MidCap 400
2026.08.11-v1,CUBI,"Customers Bancorp, Inc.",Aktie,USA,Financials,true,C,S&P SmallCap 600
2026.08.11-v1,CURB,Curbline Properties Corp.,Aktie,USA,Real Estate,true,C,S&P SmallCap 600
2026.08.11-v1,CUVL,Clinuvel Pharmaceuticals Limited,Aktie,USA,Nasdaq Global Select,true,B,Nasdaq Global Select Market
2026.08.11-v1,CUZ,Cousins Properties,Aktie,USA,Real Estate,true,B,S&P MidCap 400
2026.08.11-v1,CVBF,CVB Financial Corp.,Aktie,USA,Financials,true,C,Nasdaq Global Select Market; S&P SmallCap 600
2026.08.11-v1,CVCO,"Cavco Industries, Inc.",Aktie,USA,Consumer Discretionary,true,C,Nasdaq Global Select Market; S&P SmallCap 600
2026.08.11-v1,CVGI,"Commercial Vehicle Group, Inc.",Aktie,USA,Nasdaq Global Select,true,B,Nasdaq Global Select Market
2026.08.11-v1,CVI,"CVR Energy, Inc.",Aktie,USA,Energy,true,C,S&P SmallCap 600
2026.08.11-v1,CVLT,CommVault Systems,Aktie,USA,Information Technology,true,B,Nasdaq Global Select Market; S&P MidCap 400
2026.08.11-v1,CVNA,Carvana,Aktie,USA,Consumer Discretionary,true,A,S&P 500
2026.08.11-v1,CVRX,"CVRx, Inc.",Aktie,USA,Nasdaq Global Select,true,B,Nasdaq Global Select Market
2026.08.11-v1,CVS,CVS Health,Aktie,USA,Gesundheit,true,A,Kuratiertes Prognoseuniversum; S&P 500
2026.08.11-v1,CVSA,Covista Inc.,Aktie,USA,Consumer Discretionary,true,C,S&P SmallCap 600
2026.08.11-v1,CVX,Chevron,Aktie,USA,Energie,true,A,Kuratiertes Prognoseuniversum; S&P 500
2026.08.11-v1,CW,Curtiss-Wright,Aktie,USA,Industrials,true,B,S&P MidCap 400
2026.08.11-v1,CWCO,Consolidated Water Co. Ltd.,Aktie,USA,Nasdaq Global Select,true,B,Nasdaq Global Select Market
2026.08.11-v1,CWEN,"Clearway Energy, Inc. (Class C)",Aktie,USA,Utilities,true,C,S&P SmallCap 600
2026.08.11-v1,CWEN-A,"Clearway Energy, Inc. (Class A)",Aktie,USA,Utilities,true,C,S&P SmallCap 600
2026.08.11-v1,CWK,Cushman & Wakefield plc,Aktie,USA,Real Estate,true,C,S&P SmallCap 600
2026.08.11-v1,CWST,"Casella Waste Systems, Inc.",Aktie,USA,Industrials,true,C,Nasdaq Global Select Market; S&P SmallCap 600
2026.08.11-v1,CWT,California Water Service Group,Aktie,USA,Utilities,true,C,S&P SmallCap 600
2026.08.11-v1,CXM,"Sprinklr, Inc.",Aktie,USA,Information Technology,true,C,S&P SmallCap 600
2026.08.11-v1,CXT,Crane NXT,Aktie,USA,Information Technology,true,B,S&P MidCap 400
2026.08.11-v1,CXW,CoreCivic,Aktie,USA,Industrials,true,C,S&P SmallCap 600
2026.08.11-v1,CYTK,Cytokinetics,Aktie,USA,Health Care,true,B,Nasdaq Global Select Market; S&P MidCap 400
2026.08.11-v1,CZR,Caesars Entertainment,Aktie,USA,Consumer Discretionary,true,C,Nasdaq Global Select Market; S&P SmallCap 600
2026.08.11-v1,D,Dominion Energy,Aktie,USA,Utilities,true,A,S&P 500
2026.08.11-v1,DAKT,"Daktronics, Inc.",Aktie,USA,Nasdaq Global Select,true,B,Nasdaq Global Select Market
2026.08.11-v1,DAL,Delta Air Lines,Aktie,USA,Industrials,true,A,S&P 500
2026.08.11-v1,DAN,Dana Incorporated,Aktie,USA,Consumer Discretionary,true,C,S&P SmallCap 600
2026.08.11-v1,DAR,Darling Ingredients,Aktie,USA,Consumer Staples,true,B,S&P MidCap 400
2026.08.11-v1,DASH,DoorDash,Aktie,USA,Consumer Discretionary,true,A,Nasdaq Global Select Market; S&P 500
2026.08.11-v1,DAVE,"Dave, Inc.",Aktie,USA,Financials,true,C,S&P SmallCap 600
2026.08.11-v1,DBD,Diebold Nixdorf,Aktie,USA,Information Technology,true,C,S&P SmallCap 600
2026.08.11-v1,DBX,Dropbox,Aktie,USA,Information Technology,true,B,Nasdaq Global Select Market; S&P MidCap 400
2026.08.11-v1,DCBO,Docebo Inc.,Aktie,USA,Nasdaq Global Select,true,B,Nasdaq Global Select Market
2026.08.11-v1,DCH,Dauch Corporation,Aktie,USA,Consumer Discretionary,true,C,S&P SmallCap 600
2026.08.11-v1,DCI,Donaldson Company,Aktie,USA,Industrials,true,B,S&P MidCap 400
2026.08.11-v1,DCOM,"Dime Community Bancshares, Inc.",Aktie,USA,Financials,true,C,S&P SmallCap 600
2026.08.11-v1,DD,DuPont,Aktie,USA,Industrials,true,A,S&P 500
2026.08.11-v1,DDI,"DoubleDown Interactive Co., Ltd.",Aktie,USA,Nasdaq Global Select,true,B,Nasdaq Global Select Market
2026.08.11-v1,DDOG,Datadog,Aktie,USA,Software,true,A,Kuratiertes Prognoseuniversum; Nasdaq Global Select Market; S&P 500
2026.08.11-v1,DE,Deere and Company,Aktie,USA,Industrie,true,A,Kuratiertes Prognoseuniversum; S&P 500
2026.08.11-v1,DEA,"Easterly Government Properties, Inc.",Aktie,USA,Real Estate,true,C,S&P SmallCap 600
2026.08.11-v1,DECK,Deckers Brands,Aktie,USA,Consumer Discretionary,true,A,S&P 500
2026.08.11-v1,DEI,Douglas Emmett,Aktie,USA,Real Estate,true,C,S&P SmallCap 600
2026.08.11-v1,DELL,Dell Technologies,Aktie,USA,Information Technology,true,A,S&P 500
2026.08.11-v1,DFH,"Dream Finders Homes, Inc.",Aktie,USA,Consumer Discretionary,true,C,S&P SmallCap 600
2026.08.11-v1,DFIN,"Donnelley Financial Solutions, Inc.",Aktie,USA,Financials,true,C,S&P SmallCap 600
2026.08.11-v1,DFTX,"Definium Therapeutics, Inc.",Aktie,USA,Nasdaq Global Select,true,B,Nasdaq Global Select Market
2026.08.11-v1,DG,Dollar General,Aktie,USA,Consumer Staples,true,A,S&P 500
2026.08.11-v1,DGICA,"Donegal Group, Inc.",Aktie,USA,Nasdaq Global Select,true,B,Nasdaq Global Select Market
2026.08.11-v1,DGICB,"Donegal Group, Inc.",Aktie,USA,Nasdaq Global Select,true,B,Nasdaq Global Select Market
2026.08.11-v1,DGII,Digi International Inc.,Aktie,USA,Information Technology,true,C,Nasdaq Global Select Market; S&P SmallCap 600
2026.08.11-v1,DGX,Quest Diagnostics,Aktie,USA,Health Care,true,A,S&P 500
2026.08.11-v1,DHC,Diversified Healthcare Trust,Aktie,USA,Nasdaq Global Select,true,B,Nasdaq Global Select Market
2026.08.11-v1,DHI,D. R. Horton,Aktie,USA,Consumer Discretionary,true,A,S&P 500
2026.08.11-v1,DHR,Danaher,Aktie,USA,Gesundheit,true,A,Kuratiertes Prognoseuniversum; S&P 500
2026.08.11-v1,DINO,HF Sinclair,Aktie,USA,Energy,true,B,S&P MidCap 400
2026.08.11-v1,DIOD,Diodes Incorporated,Aktie,USA,Information Technology,true,C,Nasdaq Global Select Market; S&P SmallCap 600
2026.08.11-v1,DIS,Walt Disney,Aktie,USA,Medien,true,A,Kuratiertes Prognoseuniversum; S&P 500
2026.08.11-v1,DKNG,DraftKings Inc.,Aktie,USA,Nasdaq Global Select,true,B,Nasdaq Global Select Market
2026.08.11-v1,DKS,Dick's Sporting Goods,Aktie,USA,Consumer Discretionary,true,B,S&P MidCap 400
2026.08.11-v1,DLB,Dolby,Aktie,USA,Information Technology,true,B,S&P MidCap 400
2026.08.11-v1,DLO,DLocal Limited,Aktie,USA,Nasdaq Global Select,true,B,Nasdaq Global Select Market
2026.08.11-v1,DLR,Digital Realty,Aktie,USA,Real Estate,true,A,S&P 500
2026.08.11-v1,DLTH,Duluth Holdings Inc.,Aktie,USA,Nasdaq Global Select,true,B,Nasdaq Global Select Market
2026.08.11-v1,DLTR,Dollar Tree,Aktie,USA,Consumer Staples,true,A,Nasdaq Global Select Market; S&P 500
2026.08.11-v1,DLX,Deluxe Corporation,Aktie,USA,Industrials,true,C,S&P SmallCap 600
2026.08.11-v1,DMC,Del Monte Corporation,Aktie,USA,Consumer Staples,true,C,S&P SmallCap 600
2026.08.11-v1,DMRC,Digimarc Corporation,Aktie,USA,Nasdaq Global Select,true,B,Nasdaq Global Select Market
2026.08.11-v1,DNLI,Denali Therapeutics Inc.,Aktie,USA,Nasdaq Global Select,true,B,Nasdaq Global Select Market
2026.08.11-v1,DNOW,NOW Inc,Aktie,USA,Industrials,true,C,S&P SmallCap 600
2026.08.11-v1,DNUT,"Krispy Kreme, Inc.",Aktie,USA,Nasdaq Global Select,true,B,Nasdaq Global Select Market
2026.08.11-v1,DOC,Healthpeak Properties,Aktie,USA,Real Estate,true,A,S&P 500
2026.08.11-v1,DOCN,DigitalOcean,Aktie,USA,Information Technology,true,B,S&P MidCap 400
2026.08.11-v1,DOCS,Doximity,Aktie,USA,Health Care,true,B,S&P MidCap 400
2026.08.11-v1,DOCU,Docusign,Aktie,USA,Information Technology,true,B,Nasdaq Global Select Market; S&P MidCap 400
2026.08.11-v1,DOO,BRP Inc.,Aktie,USA,Nasdaq Global Select,true,B,Nasdaq Global Select Market
2026.08.11-v1,DORM,"Dorman Products, Inc.",Aktie,USA,Consumer Discretionary,true,C,Nasdaq Global Select Market; S&P SmallCap 600
2026.08.11-v1,DOV,Dover Corporation,Aktie,USA,Industrials,true,A,S&P 500
2026.08.11-v1,DOW,Dow Inc.,Aktie,USA,Materials,true,A,S&P 500
2026.08.11-v1,DOX,Amdocs Limited,Aktie,USA,Nasdaq Global Select,true,B,Nasdaq Global Select Market
2026.08.11-v1,DOYU,DouYu International Holdings Limited,Aktie,USA,Nasdaq Global Select,true,B,Nasdaq Global Select Market
2026.08.11-v1,DPZ,Domino's,Aktie,USA,Consumer Discretionary,true,A,Nasdaq Global Select Market; S&P 500
2026.08.11-v1,DRH,DiamondRock Hospitality Company,Aktie,USA,Real Estate,true,C,Nasdaq Global Select Market; S&P SmallCap 600
2026.08.11-v1,DRI,Darden Restaurants,Aktie,USA,Consumer Discretionary,true,A,S&P 500
2026.08.11-v1,DRS,"Leonardo DRS, Inc.",Aktie,USA,Nasdaq Global Select,true,B,Nasdaq Global Select Market
2026.08.11-v1,DRVN,Driven Brands Holdings Inc.,Aktie,USA,Nasdaq Global Select,true,B,Nasdaq Global Select Market
2026.08.11-v1,DSGN,"Design Therapeutics, Inc.",Aktie,USA,Nasdaq Global Select,true,B,Nasdaq Global Select Market
2026.08.11-v1,DSGR,"Distribution Solutions Group, Inc.",Aktie,USA,Nasdaq Global Select,true,B,Nasdaq Global Select Market
2026.08.11-v1,DSGX,The Descartes Systems Group Inc.,Aktie,USA,Nasdaq Global Select,true,B,Nasdaq Global Select Market
2026.08.11-v1,DSP,Viant Technology Inc.,Aktie,USA,Nasdaq Global Select,true,B,Nasdaq Global Select Market
2026.08.11-v1,DT,Dynatrace,Aktie,USA,Information Technology,true,B,S&P MidCap 400
2026.08.11-v1,DTE,DTE Energy,Aktie,USA,Utilities,true,A,S&P 500
2026.08.11-v1,DTM,DT Midstream,Aktie,USA,Energy,true,B,S&P MidCap 400
2026.08.11-v1,DUK,Duke Energy,Aktie,USA,Versorger,true,A,Kuratiertes Prognoseuniversum; S&P 500
2026.08.11-v1,DUOL,Duolingo,Aktie,USA,Consumer Discretionary,true,B,Nasdaq Global Select Market; S&P MidCap 400
2026.08.11-v1,DV,DoubleVerify Holdings Inc.,Aktie,USA,Communication Services,true,C,S&P SmallCap 600
2026.08.11-v1,DVA,DaVita,Aktie,USA,Health Care,true,A,S&P 500
2026.08.11-v1,DVN,Devon Energy,Aktie,USA,Energy,true,A,S&P 500
2026.08.11-v1,DWSN,Dawson Geophysical Company,Aktie,USA,Nasdaq Global Select,true,B,Nasdaq Global Select Market
2026.08.11-v1,DXC,DXC Technology,Aktie,USA,Information Technology,true,C,S&P SmallCap 600
2026.08.11-v1,DXCM,Dexcom,Aktie,USA,Health Care,true,A,Nasdaq Global Select Market; S&P 500
2026.08.11-v1,DXPE,"DXP Enterprises, Inc.",Aktie,USA,Industrials,true,C,Nasdaq Global Select Market; S&P SmallCap 600
2026.08.11-v1,DY,Dycom Industries,Aktie,USA,Industrials,true,B,S&P MidCap 400
2026.08.11-v1,DYN,"Dyne Therapeutics, Inc.",Aktie,USA,Nasdaq Global Select,true,B,Nasdaq Global Select Market
2026.08.11-v1,EAT,"Brinker International, Inc.",Aktie,USA,Consumer Discretionary,true,C,S&P SmallCap 600
2026.08.11-v1,EBAY,eBay Inc.,Aktie,USA,Consumer Discretionary,true,A,Nasdaq Global Select Market; S&P 500
2026.08.11-v1,EBC,"Eastern Bankshares, Inc.",Aktie,USA,Financials,true,C,Nasdaq Global Select Market; S&P SmallCap 600
2026.08.11-v1,EBON,Ebang International Holdings Inc.,Aktie,USA,Nasdaq Global Select,true,B,Nasdaq Global Select Market
2026.08.11-v1,ECG,"Everus Construction Group, Inc.",Aktie,USA,Industrials,true,C,S&P SmallCap 600
2026.08.11-v1,ECHO,EchoStar,Aktie,USA,Communication Services,true,A,Nasdaq Global Select Market; S&P 500
2026.08.11-v1,ECL,Ecolab,Aktie,USA,Materials,true,A,S&P 500
2026.08.11-v1,ECPG,"Encore Capital Group, Inc.",Aktie,USA,Financials,true,C,Nasdaq Global Select Market; S&P SmallCap 600
2026.08.11-v1,ED,Consolidated Edison,Aktie,USA,Utilities,true,A,S&P 500
2026.08.11-v1,EDIT,"Editas Medicine, Inc.",Aktie,USA,Nasdaq Global Select,true,B,Nasdaq Global Select Market
2026.08.11-v1,EEFT,Euronet Worldwide,Aktie,USA,Financials,true,B,Nasdaq Global Select Market; S&P MidCap 400
2026.08.11-v1,EFC,"Ellington Financial, Inc.",Aktie,USA,Financials,true,C,S&P SmallCap 600
2026.08.11-v1,EFOR,Everforth Inc.,Aktie,USA,Information Technology,true,C,S&P SmallCap 600
2026.08.11-v1,EFSC,Enterprise Financial Services Corporation,Aktie,USA,Nasdaq Global Select,true,B,Nasdaq Global Select Market
2026.08.11-v1,EFX,Equifax,Aktie,USA,Industrials,true,A,S&P 500
2026.08.11-v1,EG,Everest Group,Aktie,USA,Financials,true,A,S&P 500
2026.08.11-v1,EGBN,Eagle Bancorp Inc,Aktie,USA,Financials,true,C,S&P SmallCap 600
2026.08.11-v1,EGHT,8x8 Inc,Aktie,USA,Nasdaq Global Select,true,B,Nasdaq Global Select Market
2026.08.11-v1,EGP,EastGroup Properties,Aktie,USA,Real Estate,true,B,S&P MidCap 400
2026.08.11-v1,EHC,Encompass Health,Aktie,USA,Health Care,true,B,S&P MidCap 400
2026.08.11-v1,EHTH,"eHealth, Inc.",Aktie,USA,Nasdaq Global Select,true,B,Nasdaq Global Select Market
2026.08.11-v1,EIG,"Employers Holdings, Inc.",Aktie,USA,Financials,true,C,S&P SmallCap 600
2026.08.11-v1,EIKN,"Eikon Therapeutics, Inc.",Aktie,USA,Nasdaq Global Select,true,B,Nasdaq Global Select Market
2026.08.11-v1,EIX,Edison International,Aktie,USA,Utilities,true,A,S&P 500
2026.08.11-v1,EL,Estée Lauder Companies (The),Aktie,USA,Consumer Staples,true,A,S&P 500
2026.08.11-v1,ELAN,Elanco,Aktie,USA,Health Care,true,B,S&P MidCap 400
2026.08.11-v1,ELF,e.l.f. Beauty,Aktie,USA,Consumer Staples,true,B,S&P MidCap 400
2026.08.11-v1,ELS,Equity Lifestyle Properties,Aktie,USA,Real Estate,true,B,S&P MidCap 400
2026.08.11-v1,ELV,Elevance Health,Aktie,USA,Gesundheit,true,A,Kuratiertes Prognoseuniversum; S&P 500
2026.08.11-v1,ELVN,"Enliven Therapeutics, Inc.",Aktie,USA,Nasdaq Global Select,true,B,Nasdaq Global Select Market
2026.08.11-v1,EMBC,Embecta Corp.,Aktie,USA,Nasdaq Global Select,true,B,Nasdaq Global Select Market
2026.08.11-v1,EME,Emcor,Aktie,USA,Industrials,true,A,S&P 500
2026.08.11-v1,EMN,Eastman Chemical Company,Aktie,USA,Materials,true,C,S&P SmallCap 600
2026.08.11-v1,EMPD,Empery Digital Inc.,Aktie,USA,Nasdaq Global Select,true,B,Nasdaq Global Select Market
2026.08.11-v1,EMR,Emerson Electric,Aktie,USA,Industrials,true,A,S&P 500
2026.08.11-v1,ENLT,Enlight Renewable Energy Ltd.,Aktie,USA,Nasdaq Global Select,true,B,Nasdaq Global Select Market
2026.08.11-v1,ENOV,Enovis,Aktie,USA,Health Care,true,C,S&P SmallCap 600
2026.08.11-v1,ENPH,Enphase Energy,Aktie,USA,Information Technology,true,C,S&P SmallCap 600
2026.08.11-v1,ENR,Energizer,Aktie,USA,Consumer Staples,true,C,S&P SmallCap 600
2026.08.11-v1,ENS,EnerSys,Aktie,USA,Industrials,true,B,S&P MidCap 400
2026.08.11-v1,ENSG,Ensign Group,Aktie,USA,Health Care,true,B,Nasdaq Global Select Market; S&P MidCap 400
2026.08.11-v1,ENTA,"Enanta Pharmaceuticals, Inc.",Aktie,USA,Nasdaq Global Select,true,B,Nasdaq Global Select Market
2026.08.11-v1,ENTG,Entegris,Aktie,USA,Information Technology,true,B,Nasdaq Global Select Market; S&P MidCap 400
2026.08.11-v1,ENVA,"Enova International, Inc.",Aktie,USA,Financials,true,C,S&P SmallCap 600
2026.08.11-v1,ENVX,Enovix Corporation,Aktie,USA,Nasdaq Global Select,true,B,Nasdaq Global Select Market
2026.08.11-v1,EOG,EOG Resources,Aktie,USA,Energy,true,A,S&P 500
2026.08.11-v1,EPAC,Enerpac Tool Group,Aktie,USA,Industrials,true,C,S&P SmallCap 600
2026.08.11-v1,EPAM,EPAM Systems,Aktie,USA,Information Technology,true,C,S&P SmallCap 600
2026.08.11-v1,EPC,Edgewell Personal Care,Aktie,USA,Consumer Staples,true,C,S&P SmallCap 600
2026.08.11-v1,EPR,EPR Properties,Aktie,USA,Real Estate,true,B,S&P MidCap 400
2026.08.11-v1,EPRT,"Essential Properties Realty Trust, Inc.",Aktie,USA,Real Estate,true,C,S&P SmallCap 600
2026.08.11-v1,EQH,Equitable Holdings,Aktie,USA,Financials,true,B,S&P MidCap 400
2026.08.11-v1,EQIX,Equinix,Aktie,USA,Real Estate,true,A,Nasdaq Global Select Market; S&P 500
2026.08.11-v1,EQPT,EquipmentShare.com Inc,Aktie,USA,Nasdaq Global Select,true,B,Nasdaq Global Select Market
2026.08.11-v1,EQR,Equity Residential,Aktie,USA,Real Estate,true,A,S&P 500
2026.08.11-v1,EQT,EQT Corporation,Aktie,USA,Energy,true,A,S&P 500
2026.08.11-v1,ERAS,"Erasca, Inc.",Aktie,USA,Nasdaq Global Select,true,B,Nasdaq Global Select Market
2026.08.11-v1,ERIC,Ericsson,Aktie,USA,Nasdaq Global Select,true,B,Nasdaq Global Select Market
2026.08.11-v1,ERIE,Erie Indemnity,Aktie,USA,Financials,true,A,Nasdaq Global Select Market; S&P 500
2026.08.11-v1,ERII,"Energy Recovery, Inc.",Aktie,USA,Nasdaq Global Select,true,B,Nasdaq Global Select Market
2026.08.11-v1,ES,Eversource Energy,Aktie,USA,Utilities,true,A,S&P 500
2026.08.11-v1,ESAB,ESAB,Aktie,USA,Industrials,true,B,S&P MidCap 400
2026.08.11-v1,ESE,ESCO Technologies Inc.,Aktie,USA,Industrials,true,C,S&P SmallCap 600
2026.08.11-v1,ESI,Element Solutions,Aktie,USA,Materials,true,C,S&P SmallCap 600
2026.08.11-v1,ESLT,Elbit Systems Ltd.,Aktie,USA,Nasdaq Global Select,true,B,Nasdaq Global Select Market
2026.08.11-v1,ESNT,Essent Group Ltd.,Aktie,USA,Financials,true,B,S&P MidCap 400
2026.08.11-v1,ESS,Essex Property Trust,Aktie,USA,Real Estate,true,A,S&P 500
2026.08.11-v1,ETN,Eaton Corporation,Aktie,USA,Industrials,true,A,S&P 500
2026.08.11-v1,ETOR,eToro Group Ltd.,Aktie,USA,Nasdaq Global Select,true,B,Nasdaq Global Select Market
2026.08.11-v1,ETR,Entergy,Aktie,USA,Utilities,true,A,S&P 500
2026.08.11-v1,ETSY,Etsy,Aktie,USA,Consumer Discretionary,true,C,S&P SmallCap 600
2026.08.11-v1,EVCM,EverCommerce Inc.,Aktie,USA,Nasdaq Global Select,true,B,Nasdaq Global Select Market
2026.08.11-v1,EVGO,EVgo Inc.,Aktie,USA,Nasdaq Global Select,true,B,Nasdaq Global Select Market
2026.08.11-v1,EVO,Evotec SE,Aktie,USA,Nasdaq Global Select,true,B,Nasdaq Global Select Market
2026.08.11-v1,EVR,Evercore,Aktie,USA,Financials,true,B,S&P MidCap 400
2026.08.11-v1,EVRG,Evergy,Aktie,USA,Utilities,true,A,Nasdaq Global Select Market; S&P 500
2026.08.11-v1,EVTC,"EVERTEC, Inc.",Aktie,USA,Financials,true,C,S&P SmallCap 600
2026.08.11-v1,EW,Edwards Lifesciences,Aktie,USA,Health Care,true,A,S&P 500
2026.08.11-v1,EWBC,East West Bancorp,Aktie,USA,Financials,true,B,Nasdaq Global Select Market; S&P MidCap 400
2026.08.11-v1,EWTX,"Edgewise Therapeutics, Inc.",Aktie,USA,Nasdaq Global Select,true,B,Nasdaq Global Select Market
2026.08.11-v1,EXC,Exelon,Aktie,USA,Utilities,true,A,Nasdaq Global Select Market; S&P 500
2026.08.11-v1,EXE,Expand Energy,Aktie,USA,Energy,true,A,Nasdaq Global Select Market; S&P 500
2026.08.11-v1,EXEL,Exelixis,Aktie,USA,Health Care,true,B,Nasdaq Global Select Market; S&P MidCap 400
2026.08.11-v1,EXFY,"Expensify, Inc.",Aktie,USA,Nasdaq Global Select,true,B,Nasdaq Global Select Market
2026.08.11-v1,EXLS,EXL Service,Aktie,USA,Industrials,true,B,Nasdaq Global Select Market; S&P MidCap 400
2026.08.11-v1,EXP,Eagle Materials,Aktie,USA,Materials,true,B,S&P MidCap 400
2026.08.11-v1,EXPD,Expeditors International,Aktie,USA,Industrials,true,A,S&P 500
2026.08.11-v1,EXPE,Expedia Group,Aktie,USA,Consumer Discretionary,true,A,Nasdaq Global Select Market; S&P 500
2026.08.11-v1,EXPO,"Exponent, Inc.",Aktie,USA,Industrials,true,B,Nasdaq Global Select Market; S&P MidCap 400
2026.08.11-v1,EXR,Extra Space Storage,Aktie,USA,Real Estate,true,A,S&P 500
2026.08.11-v1,EXTR,"Extreme Networks, Inc.",Aktie,USA,Information Technology,true,C,Nasdaq Global Select Market; S&P SmallCap 600
2026.08.11-v1,EYE,National Vision Holdings,Aktie,USA,Consumer Discretionary,true,C,Nasdaq Global Select Market; S&P SmallCap 600
2026.08.11-v1,EZPW,"EZCORP, Inc.",Aktie,USA,Financials,true,C,Nasdaq Global Select Market; S&P SmallCap 600
2026.08.11-v1,F,Ford Motor,Aktie,USA,Automobil,true,A,Kuratiertes Prognoseuniversum; S&P 500
2026.08.11-v1,FA,First Advantage Corporation,Aktie,USA,Industrials,true,C,Nasdaq Global Select Market; S&P SmallCap 600
2026.08.11-v1,FAF,First American Financial Corporation,Aktie,USA,Financials,true,B,S&P MidCap 400
2026.08.11-v1,FANG,Diamondback Energy,Aktie,USA,Energy,true,A,Nasdaq Global Select Market; S&P 500
2026.08.11-v1,FAST,Fastenal,Aktie,USA,Industrials,true,A,Nasdaq Global Select Market; S&P 500
2026.08.11-v1,FBIN,Fortune Brands Innovations,Aktie,USA,Industrials,true,B,S&P MidCap 400
2026.08.11-v1,FBIZ,"First Business Financial Services, Inc.",Aktie,USA,Nasdaq Global Select,true,B,Nasdaq Global Select Market
2026.08.11-v1,FBK,FB Financial Corp.,Aktie,USA,Financials,true,C,S&P SmallCap 600
2026.08.11-v1,FBNC,First Bancorp (Southern Pines NC),Aktie,USA,Financials,true,C,Nasdaq Global Select Market; S&P SmallCap 600
2026.08.11-v1,FBP,First BanCorp (Puerto Rico),Aktie,USA,Financials,true,C,S&P SmallCap 600
2026.08.11-v1,FBRT,"Franklin BSP Realty Trust, Inc.",Aktie,USA,Real Estate,true,C,S&P SmallCap 600
2026.08.11-v1,FCBC,"First Community Bankshares, Inc.",Aktie,USA,Nasdaq Global Select,true,B,Nasdaq Global Select Market
2026.08.11-v1,FCF,"First Commonwealth Financial, Corp.",Aktie,USA,Financials,true,C,S&P SmallCap 600
2026.08.11-v1,FCFS,FirstCash,Aktie,USA,Financials,true,B,Nasdaq Global Select Market; S&P MidCap 400
2026.08.11-v1,FCN,FTI Consulting,Aktie,USA,Industrials,true,B,S&P MidCap 400
2026.08.11-v1,FCNCA,"First Citizens BancShares, Inc.",Aktie,USA,Nasdaq Global Select,true,B,Nasdaq Global Select Market
2026.08.11-v1,FCPT,"Four Corners Property Trust, Inc.",Aktie,USA,Real Estate,true,C,S&P SmallCap 600
2026.08.11-v1,FCX,Freeport-McMoRan,Aktie,USA,Materials,true,A,S&P 500
2026.08.11-v1,FDMT,"4D Molecular Therapeutics, Inc.",Aktie,USA,Nasdaq Global Select,true,B,Nasdaq Global Select Market
2026.08.11-v1,FDS,FactSet,Aktie,USA,Financials,true,A,S&P 500
2026.08.11-v1,FDUS,Fidus Investment Corporation,Aktie,USA,Nasdaq Global Select,true,B,Nasdaq Global Select Market
2026.08.11-v1,FDX,FedEx,Aktie,USA,Logistik,true,A,Kuratiertes Prognoseuniversum; S&P 500
2026.08.11-v1,FDXF,FedEx Freight,Aktie,USA,Industrials,true,A,S&P 500
2026.08.11-v1,FE,FirstEnergy,Aktie,USA,Utilities,true,A,S&P 500
2026.08.11-v1,FEAM,"5E Advanced Materials, Inc.",Aktie,USA,Nasdaq Global Select,true,B,Nasdaq Global Select Market
2026.08.11-v1,FELE,Franklin Electric,Aktie,USA,Industrials,true,C,Nasdaq Global Select Market; S&P SmallCap 600
2026.08.11-v1,FER,Ferrovial N.V.,Aktie,USA,Nasdaq Global Select,true,B,Nasdaq Global Select Market
2026.08.11-v1,FERG,Ferguson Enterprises,Aktie,USA,Industrials,true,A,S&P 500
2026.08.11-v1,FFBC,First Financial Bancorp,Aktie,USA,Financials,true,C,Nasdaq Global Select Market; S&P SmallCap 600
2026.08.11-v1,FFIN,First Financial Bankshares,Aktie,USA,Financials,true,B,Nasdaq Global Select Market; S&P MidCap 400
2026.08.11-v1,FFIV,"F5, Inc.",Aktie,USA,Information Technology,true,A,Nasdaq Global Select Market; S&P 500
2026.08.11-v1,FG,"F&G Annuities & Life, Inc.",Aktie,USA,Financials,true,C,S&P SmallCap 600
2026.08.11-v1,FHB,"First Hawaiian, Inc.",Aktie,USA,Financials,true,C,Nasdaq Global Select Market; S&P SmallCap 600
2026.08.11-v1,FHI,Federated Hermes,Aktie,USA,Financials,true,B,S&P MidCap 400
2026.08.11-v1,FHN,First Horizon,Aktie,USA,Financials,true,B,S&P MidCap 400
2026.08.11-v1,FIBK,"First Interstate BancSystem, Inc.",Aktie,USA,Financials,true,C,Nasdaq Global Select Market; S&P SmallCap 600
2026.08.11-v1,FICO,Fair Isaac,Aktie,USA,Information Technology,true,A,S&P 500
2026.08.11-v1,FIGR,"Figure Technology Solutions, Inc.",Aktie,USA,Nasdaq Global Select,true,B,Nasdaq Global Select Market
2026.08.11-v1,FIP,FTAI Infrastructure Inc.,Aktie,USA,Nasdaq Global Select,true,B,Nasdaq Global Select Market
2026.08.11-v1,FIS,Fidelity National Information Services,Aktie,USA,Financials,true,A,S&P 500
2026.08.11-v1,FISI,"Financial Institutions, Inc.",Aktie,USA,Nasdaq Global Select,true,B,Nasdaq Global Select Market
2026.08.11-v1,FISV,Fiserv,Aktie,USA,Financials,true,A,Nasdaq Global Select Market; S&P 500
2026.08.11-v1,FITB,Fifth Third Bancorp,Aktie,USA,Financials,true,A,S&P 500
2026.08.11-v1,FIVE,Five Below,Aktie,USA,Consumer Discretionary,true,B,Nasdaq Global Select Market; S&P MidCap 400
2026.08.11-v1,FIVN,"Five9, Inc.",Aktie,USA,Information Technology,true,C,S&P SmallCap 600
2026.08.11-v1,FIX,Comfort Systems USA,Aktie,USA,Industrials,true,A,S&P 500
2026.08.11-v1,FIZZ,National Beverage Corp.,Aktie,USA,Consumer Staples,true,C,Nasdaq Global Select Market; S&P SmallCap 600
2026.08.11-v1,FLEX,Flex Ltd.,Aktie,USA,Information Technology,true,A,Nasdaq Global Select Market; S&P 500
2026.08.11-v1,FLG,Flagstar Bank,Aktie,USA,Financials,true,B,S&P MidCap 400
2026.08.11-v1,FLNC,"Fluence Energy, Inc.",Aktie,USA,Nasdaq Global Select,true,B,Nasdaq Global Select Market
2026.08.11-v1,FLO,Flowers Foods,Aktie,USA,Consumer Staples,true,C,S&P SmallCap 600
2026.08.11-v1,FLR,Fluor,Aktie,USA,Industrials,true,B,S&P MidCap 400
2026.08.11-v1,FLS,Flowserve,Aktie,USA,Industrials,true,B,S&P MidCap 400
2026.08.11-v1,FLWS,"1-800-FLOWERS.COM, Inc.",Aktie,USA,Nasdaq Global Select,true,B,Nasdaq Global Select Market
2026.08.11-v1,FLX,BingEx Limited,Aktie,USA,Nasdaq Global Select,true,B,Nasdaq Global Select Market
2026.08.11-v1,FLXS,"Flexsteel Industries, Inc.",Aktie,USA,Nasdaq Global Select,true,B,Nasdaq Global Select Market
2026.08.11-v1,FLYW,Flywire Corporation,Aktie,USA,Nasdaq Global Select,true,B,Nasdaq Global Select Market
2026.08.11-v1,FMC,FMC Corporation,Aktie,USA,Materials,true,C,S&P SmallCap 600
2026.08.11-v1,FN,Fabrinet,Aktie,USA,Information Technology,true,B,S&P MidCap 400
2026.08.11-v1,FNB,FNB Corporation,Aktie,USA,Financials,true,B,S&P MidCap 400
2026.08.11-v1,FND,Floor & Decor,Aktie,USA,Consumer Discretionary,true,B,S&P MidCap 400
2026.08.11-v1,FNF,Fidelity National Financial,Aktie,USA,Financials,true,B,S&P MidCap 400
2026.08.11-v1,FNKO,"Funko, Inc.",Aktie,USA,Nasdaq Global Select,true,B,Nasdaq Global Select Market
2026.08.11-v1,FNLC,"First Bancorp, Inc (ME)",Aktie,USA,Nasdaq Global Select,true,B,Nasdaq Global Select Market
2026.08.11-v1,FORM,"FormFactor, Inc.",Aktie,USA,Information Technology,true,C,Nasdaq Global Select Market; S&P SmallCap 600
2026.08.11-v1,FORR,"Forrester Research, Inc.",Aktie,USA,Nasdaq Global Select,true,B,Nasdaq Global Select Market
2026.08.11-v1,FORTY,Formula Systems (1985) Ltd.,Aktie,USA,Nasdaq Global Select,true,B,Nasdaq Global Select Market
2026.08.11-v1,FOSL,"Fossil Group, Inc.",Aktie,USA,Nasdaq Global Select,true,B,Nasdaq Global Select Market
2026.08.11-v1,FOUR,Shift4,Aktie,USA,Financials,true,B,S&P MidCap 400
2026.08.11-v1,FOX,Fox Corporation (Class B),Aktie,USA,Communication Services,true,A,Nasdaq Global Select Market; S&P 500
2026.08.11-v1,FOXA,Fox Corporation (Class A),Aktie,USA,Communication Services,true,A,Nasdaq Global Select Market; S&P 500
2026.08.11-v1,FOXF,Fox Factory,Aktie,USA,Consumer Discretionary,true,C,Nasdaq Global Select Market; S&P SmallCap 600
2026.08.11-v1,FR,First Industrial Realty Trust,Aktie,USA,Real Estate,true,B,S&P MidCap 400
2026.08.11-v1,FRBT,"Forbright, Inc.",Aktie,USA,Nasdaq Global Select,true,B,Nasdaq Global Select Market
2026.08.11-v1,FRD,Friedman Industries Inc.,Aktie,USA,Nasdaq Global Select,true,B,Nasdaq Global Select Market
2026.08.11-v1,FRME,First Merchants Corporation,Aktie,USA,Nasdaq Global Select,true,B,Nasdaq Global Select Market
2026.08.11-v1,FRMI,Fermi Inc.,Aktie,USA,Nasdaq Global Select,true,B,Nasdaq Global Select Market
2026.08.11-v1,FROG,JFrog Ltd.,Aktie,USA,Nasdaq Global Select,true,B,Nasdaq Global Select Market
2026.08.11-v1,FRPH,"FRP Holdings, Inc.",Aktie,USA,Nasdaq Global Select,true,B,Nasdaq Global Select Market
2026.08.11-v1,FRPT,Freshpet,Aktie,USA,Consumer Staples,true,C,S&P SmallCap 600
2026.08.11-v1,FRSH,Freshworks Inc.,Aktie,USA,Nasdaq Global Select,true,B,Nasdaq Global Select Market
2026.08.11-v1,FRT,Federal Realty Investment Trust,Aktie,USA,Real Estate,true,A,S&P 500
2026.08.11-v1,FRVO,Fervo Energy Company,Aktie,USA,Nasdaq Global Select,true,B,Nasdaq Global Select Market
2026.08.11-v1,FSBC,Five Star Bancorp,Aktie,USA,Nasdaq Global Select,true,B,Nasdaq Global Select Market
2026.08.11-v1,FSLR,First Solar,Aktie,USA,Energie,true,A,Kuratiertes Prognoseuniversum; Nasdaq Global Select Market; S&P 500
2026.08.11-v1,FSLY,"Fastly, Inc.",Aktie,USA,Nasdaq Global Select,true,B,Nasdaq Global Select Market
2026.08.11-v1,FSS,Federal Signal Corporation,Aktie,USA,Industrials,true,C,S&P SmallCap 600
2026.08.11-v1,FSTR,L.B. Foster Company,Aktie,USA,Nasdaq Global Select,true,B,Nasdaq Global Select Market
2026.08.11-v1,FSUN,FirstSun Capital Bancorp,Aktie,USA,Nasdaq Global Select,true,B,Nasdaq Global Select Market
2026.08.11-v1,FSV,FirstService Corporation,Aktie,USA,Nasdaq Global Select,true,B,Nasdaq Global Select Market
2026.08.11-v1,FTAI,FTAI Aviation Ltd.,Aktie,USA,Nasdaq Global Select,true,B,Nasdaq Global Select Market
2026.08.11-v1,FTDR,"Frontdoor, Inc.",Aktie,USA,Consumer Discretionary,true,C,Nasdaq Global Select Market; S&P SmallCap 600
2026.08.11-v1,FTI,TechnipFMC,Aktie,USA,Energy,true,B,S&P MidCap 400
2026.08.11-v1,FTNT,Fortinet,Aktie,USA,Information Technology,true,A,Nasdaq Global Select Market; S&P 500
2026.08.11-v1,FTRE,Fortrea,Aktie,USA,Health Care,true,C,Nasdaq Global Select Market; S&P SmallCap 600
2026.08.11-v1,FTV,Fortive,Aktie,USA,Industrials,true,A,S&P 500
2026.08.11-v1,FUL,H.B. Fuller Company,Aktie,USA,Materials,true,C,S&P SmallCap 600
2026.08.11-v1,FULT,Fulton Financial Corporation,Aktie,USA,Financials,true,C,Nasdaq Global Select Market; S&P SmallCap 600
2026.08.11-v1,FUN,Six Flags,Aktie,USA,Consumer Discretionary,true,C,S&P SmallCap 600
2026.08.11-v1,FUND,"Sprott Focus Trust, Inc.",Aktie,USA,Nasdaq Global Select,true,B,Nasdaq Global Select Market
2026.08.11-v1,FWONA,Liberty Media Corporation,Aktie,USA,Nasdaq Global Select,true,B,Nasdaq Global Select Market
2026.08.11-v1,FWONK,Liberty Media Corporation,Aktie,USA,Nasdaq Global Select,true,B,Nasdaq Global Select Market
2026.08.11-v1,FWRD,Forward Air Corporation,Aktie,USA,Nasdaq Global Select,true,B,Nasdaq Global Select Market
2026.08.11-v1,FWRG,"First Watch Restaurant Group, Inc.",Aktie,USA,Nasdaq Global Select,true,B,Nasdaq Global Select Market
2026.08.11-v1,G,Genpact,Aktie,USA,Industrials,true,B,S&P MidCap 400
2026.08.11-v1,GABC,"German American Bancorp, Inc.",Aktie,USA,Nasdaq Global Select,true,B,Nasdaq Global Select Market
2026.08.11-v1,GAIN,Gladstone Investment Corporation,Aktie,USA,Nasdaq Global Select,true,B,Nasdaq Global Select Market
2026.08.11-v1,GAP,Gap Inc.,Aktie,USA,Consumer Discretionary,true,B,S&P MidCap 400
2026.08.11-v1,GASS,"StealthGas, Inc.",Aktie,USA,Nasdaq Global Select,true,B,Nasdaq Global Select Market
2026.08.11-v1,GATX,GATX,Aktie,USA,Industrials,true,B,S&P MidCap 400
2026.08.11-v1,GBCI,Glacier Bancorp,Aktie,USA,Financials,true,B,S&P MidCap 400
2026.08.11-v1,GBDC,"Golub Capital BDC, Inc.",Aktie,USA,Nasdaq Global Select,true,B,Nasdaq Global Select Market
2026.08.11-v1,GBLI,"Global Indemnity Group, LLC",Aktie,USA,Nasdaq Global Select,true,B,Nasdaq Global Select Market
2026.08.11-v1,GBX,"The Greenbrier Companies, Inc.",Aktie,USA,Industrials,true,C,S&P SmallCap 600
2026.08.11-v1,GD,General Dynamics,Aktie,USA,Industrials,true,A,S&P 500
2026.08.11-v1,GDDY,GoDaddy,Aktie,USA,Information Technology,true,A,S&P 500
2026.08.11-v1,GDRX,"GoodRx Holdings, Inc.",Aktie,USA,Nasdaq Global Select,true,B,Nasdaq Global Select Market
2026.08.11-v1,GE,GE Aerospace,Aktie,USA,Industrie,true,A,Kuratiertes Prognoseuniversum; S&P 500
2026.08.11-v1,GEF,"Greif, Inc.",Aktie,USA,Materials,true,B,S&P MidCap 400
2026.08.11-v1,GEG,"Great Elm Group, Inc.",Aktie,USA,Nasdaq Global Select,true,B,Nasdaq Global Select Market
2026.08.11-v1,GEHC,GE HealthCare,Aktie,USA,Health Care,true,A,Nasdaq Global Select Market; S&P 500
2026.08.11-v1,GEMI,"Gemini Space Station, Inc.",Aktie,USA,Nasdaq Global Select,true,B,Nasdaq Global Select Market
2026.08.11-v1,GEN,Gen Digital,Aktie,USA,Information Technology,true,A,Nasdaq Global Select Market; S&P 500
2026.08.11-v1,GENB,"Generate Biomedicines, Inc.",Aktie,USA,Nasdaq Global Select,true,B,Nasdaq Global Select Market
2026.08.11-v1,GEO,"GEO Group, Inc.",Aktie,USA,Industrials,true,C,S&P SmallCap 600
2026.08.11-v1,GEOS,Geospace Technologies Corporation,Aktie,USA,Nasdaq Global Select,true,B,Nasdaq Global Select Market
2026.08.11-v1,GERN,Geron Corporation,Aktie,USA,Nasdaq Global Select,true,B,Nasdaq Global Select Market
2026.08.11-v1,GEV,GE Vernova,Aktie,USA,Industrials,true,A,S&P 500
2026.08.11-v1,GFF,Griffon Corporation,Aktie,USA,Industrials,true,C,S&P SmallCap 600
2026.08.11-v1,GFS,GlobalFoundries Inc.,Aktie,USA,Nasdaq Global Select,true,B,Nasdaq Global Select Market
2026.08.11-v1,GGG,Graco Inc.,Aktie,USA,Industrials,true,B,S&P MidCap 400
2026.08.11-v1,GH,"Guardant Health, Inc.",Aktie,USA,Nasdaq Global Select,true,B,Nasdaq Global Select Market
2026.08.11-v1,GHC,Graham Holdings,Aktie,USA,Consumer Discretionary,true,B,S&P MidCap 400
2026.08.11-v1,GIII,"G-III Apparel Group, Ltd.",Aktie,USA,Consumer Discretionary,true,C,Nasdaq Global Select Market; S&P SmallCap 600
2026.08.11-v1,GILD,Gilead Sciences,Aktie,USA,Gesundheit,true,A,Kuratiertes Prognoseuniversum; Nasdaq Global Select Market; S&P 500
2026.08.11-v1,GILT,Gilat Satellite Networks Ltd.,Aktie,USA,Nasdaq Global Select,true,B,Nasdaq Global Select Market
2026.08.11-v1,GIS,General Mills,Aktie,USA,Consumer Staples,true,A,S&P 500
2026.08.11-v1,GKOS,Glaukos Corp.,Aktie,USA,Health Care,true,C,S&P SmallCap 600
2026.08.11-v1,GL,Globe Life,Aktie,USA,Financials,true,A,S&P 500
2026.08.11-v1,GLAD,Gladstone Capital Corporation,Aktie,USA,Nasdaq Global Select,true,B,Nasdaq Global Select Market
2026.08.11-v1,GLBE,Global-E Online Ltd.,Aktie,USA,Nasdaq Global Select,true,B,Nasdaq Global Select Market
2026.08.11-v1,GLIBA,Liberty Capital Corporation,Aktie,USA,Nasdaq Global Select,true,B,Nasdaq Global Select Market
2026.08.11-v1,GLIBK,Liberty Capital Corporation,Aktie,USA,Nasdaq Global Select,true,B,Nasdaq Global Select Market
2026.08.11-v1,GLNG,Golar LNG Limited,Aktie,USA,Nasdaq Global Select,true,B,Nasdaq Global Select Market
2026.08.11-v1,GLOO,"Gloo Holdings, Inc.",Aktie,USA,Nasdaq Global Select,true,B,Nasdaq Global Select Market
2026.08.11-v1,GLPI,Gaming and Leisure Properties,Aktie,USA,Real Estate,true,B,Nasdaq Global Select Market; S&P MidCap 400
2026.08.11-v1,GLRE,"Greenlight Reinsurance, Ltd.",Aktie,USA,Nasdaq Global Select,true,B,Nasdaq Global Select Market
2026.08.11-v1,GLUE,"Monte Rosa Therapeutics, Inc.",Aktie,USA,Nasdaq Global Select,true,B,Nasdaq Global Select Market
2026.08.11-v1,GLW,Corning Inc.,Aktie,USA,Information Technology,true,A,S&P 500
2026.08.11-v1,GLXY,Galaxy Digital Inc.,Aktie,USA,Nasdaq Global Select,true,B,Nasdaq Global Select Market
2026.08.11-v1,GM,General Motors,Aktie,USA,Automobil,true,A,Kuratiertes Prognoseuniversum; S&P 500
2026.08.11-v1,GMAB,Genmab A/S,Aktie,USA,Nasdaq Global Select,true,B,Nasdaq Global Select Market
2026.08.11-v1,GME,GameStop,Aktie,USA,Consumer Discretionary,true,B,S&P MidCap 400
2026.08.11-v1,GMED,Globus Medical,Aktie,USA,Health Care,true,B,S&P MidCap 400
2026.08.11-v1,GNL,"Global Net Lease, Inc.",Aktie,USA,Real Estate,true,C,S&P SmallCap 600
2026.08.11-v1,GNRC,Generac,Aktie,USA,Industrials,true,A,S&P 500
2026.08.11-v1,GNTX,Gentex,Aktie,USA,Consumer Discretionary,true,B,Nasdaq Global Select Market; S&P MidCap 400
2026.08.11-v1,GNW,"Genworth Financial, Inc.",Aktie,USA,Financials,true,C,S&P SmallCap 600
2026.08.11-v1,GO,Grocery Outlet,Aktie,USA,Consumer Staples,true,C,Nasdaq Global Select Market; S&P SmallCap 600
2026.08.11-v1,GOGO,Gogo Inc.,Aktie,USA,Nasdaq Global Select,true,B,Nasdaq Global Select Market
2026.08.11-v1,GOLF,Acushnet Company,Aktie,USA,Consumer Discretionary,true,C,S&P SmallCap 600
2026.08.11-v1,GOOD,Gladstone Commercial Corporation,Aktie,USA,Nasdaq Global Select,true,B,Nasdaq Global Select Market
2026.08.11-v1,GOOG,Alphabet Inc. (Class C),Aktie,USA,Communication Services,true,A,Nasdaq Global Select Market; S&P 500
2026.08.11-v1,GOOGL,Alphabet,Aktie,USA,Technologie,true,A,Kuratiertes Prognoseuniversum; Nasdaq Global Select Market; S&P 500
2026.08.11-v1,GPC,Genuine Parts Company,Aktie,USA,Consumer Discretionary,true,A,S&P 500
2026.08.11-v1,GPI,"Group 1 Automotive, Inc.",Aktie,USA,Consumer Discretionary,true,C,S&P SmallCap 600
2026.08.11-v1,GPK,Graphic Packaging,Aktie,USA,Materials,true,B,S&P MidCap 400
2026.08.11-v1,GPN,Global Payments,Aktie,USA,Financials,true,A,S&P 500
2026.08.11-v1,GPOR,Gulfport Energy Corporation,Aktie,USA,Energy,true,C,S&P SmallCap 600
2026.08.11-v1,GPRE,"Green Plains, Inc.",Aktie,USA,Nasdaq Global Select,true,B,Nasdaq Global Select Market
2026.08.11-v1,GRAB,Grab Holdings Limited,Aktie,USA,Nasdaq Global Select,true,B,Nasdaq Global Select Market
2026.08.11-v1,GRAL,"GRAIL, Inc.",Aktie,USA,Nasdaq Global Select,true,B,Nasdaq Global Select Market
2026.08.11-v1,GRBK,"Green Brick Partners, Inc.",Aktie,USA,Consumer Discretionary,true,C,S&P SmallCap 600
2026.08.11-v1,GRFS,"Grifols, S.A.",Aktie,USA,Nasdaq Global Select,true,B,Nasdaq Global Select Market
2026.08.11-v1,GRMN,Garmin,Aktie,USA,Consumer Discretionary,true,A,S&P 500
2026.08.11-v1,GRPN,"Groupon, Inc.",Aktie,USA,Nasdaq Global Select,true,B,Nasdaq Global Select Market
2026.08.11-v1,GS,Goldman Sachs,Aktie,USA,Finanzen,true,A,Kuratiertes Prognoseuniversum; S&P 500
2026.08.11-v1,GSAT,"Globalstar, Inc.",Aktie,USA,Nasdaq Global Select,true,B,Nasdaq Global Select Market
2026.08.11-v1,GSBC,"Great Southern Bancorp, Inc.",Aktie,USA,Nasdaq Global Select,true,B,Nasdaq Global Select Market
2026.08.11-v1,GSHD,"Goosehead Insurance, Inc.",Aktie,USA,Financials,true,C,Nasdaq Global Select Market; S&P SmallCap 600
2026.08.11-v1,GSIT,"GSI Technology, Inc.",Aktie,USA,Nasdaq Global Select,true,B,Nasdaq Global Select Market
2026.08.11-v1,GT,Goodyear Tire and Rubber Company,Aktie,USA,Consumer Discretionary,true,C,Nasdaq Global Select Market; S&P SmallCap 600
2026.08.11-v1,GTES,Gates Corporation,Aktie,USA,Industrials,true,C,S&P SmallCap 600
2026.08.11-v1,GTLB,GitLab Inc.,Aktie,USA,Nasdaq Global Select,true,B,Nasdaq Global Select Market
2026.08.11-v1,GTM,ZoomInfo,Aktie,USA,Communication Services,true,C,Nasdaq Global Select Market; S&P SmallCap 600
2026.08.11-v1,GTX,Garrett Motion Inc.,Aktie,USA,Nasdaq Global Select,true,B,Nasdaq Global Select Market
2026.08.11-v1,GTY,Getty Realty Corp.,Aktie,USA,Real Estate,true,C,S&P SmallCap 600
2026.08.11-v1,GVA,"Granite Construction, Inc.",Aktie,USA,Industrials,true,C,S&P SmallCap 600
2026.08.11-v1,GWRE,Guidewire Software,Aktie,USA,Information Technology,true,B,S&P MidCap 400
2026.08.11-v1,GWW,W. W. Grainger,Aktie,USA,Industrials,true,A,S&P 500
2026.08.11-v1,GXO,GXO Logistics,Aktie,USA,Industrials,true,B,S&P MidCap 400
2026.08.11-v1,H,Hyatt,Aktie,USA,Consumer Discretionary,true,B,S&P MidCap 400
2026.08.11-v1,HAE,Haemonetics,Aktie,USA,Health Care,true,B,S&P MidCap 400
2026.08.11-v1,HAFC,Hanmi Financial Corporation,Aktie,USA,Financials,true,C,Nasdaq Global Select Market; S&P SmallCap 600
2026.08.11-v1,HAL,Halliburton,Aktie,USA,Energy,true,A,S&P 500
2026.08.11-v1,HALO,Halozyme,Aktie,USA,Health Care,true,B,Nasdaq Global Select Market; S&P MidCap 400
2026.08.11-v1,HAPN,"Happen, Inc.",Aktie,USA,Nasdaq Global Select,true,B,Nasdaq Global Select Market
2026.08.11-v1,HAS,Hasbro,Aktie,USA,Consumer Discretionary,true,A,Nasdaq Global Select Market; S&P 500
2026.08.11-v1,HASI,"Hannon Armstrong Sustainable Infrastructure Capital, Inc.",Aktie,USA,Financials,true,C,S&P SmallCap 600
2026.08.11-v1,HAYW,"Hayward Holdings, Inc.",Aktie,USA,Industrials,true,C,S&P SmallCap 600
2026.08.11-v1,HBAN,Huntington Bancshares,Aktie,USA,Financials,true,A,Nasdaq Global Select Market; S&P 500
2026.08.11-v1,HBCP,"Home Bancorp, Inc.",Aktie,USA,Nasdaq Global Select,true,B,Nasdaq Global Select Market
2026.08.11-v1,HBNC,"Horizon Bancorp, Inc.",Aktie,USA,Nasdaq Global Select,true,B,Nasdaq Global Select Market
2026.08.11-v1,HBT,"HBT Financial, Inc.",Aktie,USA,Nasdaq Global Select,true,B,Nasdaq Global Select Market
2026.08.11-v1,HCA,HCA Healthcare,Aktie,USA,Health Care,true,A,S&P 500
2026.08.11-v1,HCAT,"Health Catalyst, Inc",Aktie,USA,Nasdaq Global Select,true,B,Nasdaq Global Select Market
2026.08.11-v1,HCC,"Warrior Met Coal, Inc.",Aktie,USA,Materials,true,C,S&P SmallCap 600
2026.08.11-v1,HCI,"HCI Group, Inc.",Aktie,USA,Financials,true,C,S&P SmallCap 600
2026.08.11-v1,HCKT,"The Hackett Group, Inc.",Aktie,USA,Nasdaq Global Select,true,B,Nasdaq Global Select Market
2026.08.11-v1,HCM,HUTCHMED (China) Limited,Aktie,USA,Nasdaq Global Select,true,B,Nasdaq Global Select Market
2026.08.11-v1,HCSG,"Healthcare Services Group, Inc.",Aktie,USA,Industrials,true,C,Nasdaq Global Select Market; S&P SmallCap 600
2026.08.11-v1,HD,Home Depot,Aktie,USA,Konsum,true,A,Kuratiertes Prognoseuniversum; S&P 500
2026.08.11-v1,HE,"Hawaiian Electric Industries, Inc.",Aktie,USA,Utilities,true,C,S&P SmallCap 600
2026.08.11-v1,HELE,Helen of Troy Limited,Aktie,USA,Nasdaq Global Select,true,B,Nasdaq Global Select Market
2026.08.11-v1,HEPS,D-Market Electronic Services & Trading,Aktie,USA,Nasdaq Global Select,true,B,Nasdaq Global Select Market
2026.08.11-v1,HFWA,Heritage Financial Corporation,Aktie,USA,Financials,true,C,Nasdaq Global Select Market; S&P SmallCap 600
2026.08.11-v1,HGV,Hilton Grand Vacations,Aktie,USA,Consumer Discretionary,true,B,S&P MidCap 400
2026.08.11-v1,HIG,Hartford (The),Aktie,USA,Financials,true,A,S&P 500
2026.08.11-v1,HII,Huntington Ingalls Industries,Aktie,USA,Industrials,true,A,S&P 500
2026.08.11-v1,HIMS,Hims & Hers Health,Aktie,USA,Health Care,true,B,S&P MidCap 400
2026.08.11-v1,HIMX,"Himax Technologies, Inc.",Aktie,USA,Nasdaq Global Select,true,B,Nasdaq Global Select Market
2026.08.11-v1,HIW,Highwoods Properties,Aktie,USA,Real Estate,true,C,S&P SmallCap 600
2026.08.11-v1,HL,Hecla Mining,Aktie,USA,Materials,true,B,S&P MidCap 400
2026.08.11-v1,HLI,Houlihan Lokey,Aktie,USA,Financials,true,B,S&P MidCap 400
2026.08.11-v1,HLIT,Harmonic Inc.,Aktie,USA,Information Technology,true,C,Nasdaq Global Select Market; S&P SmallCap 600
2026.08.11-v1,HLNE,Hamilton Lane,Aktie,USA,Financials,true,B,Nasdaq Global Select Market; S&P MidCap 400
2026.08.11-v1,HLT,Hilton Worldwide,Aktie,USA,Consumer Discretionary,true,A,S&P 500
2026.08.11-v1,HLX,"Helix Energy Solutions Group, Inc.",Aktie,USA,Energy,true,C,S&P SmallCap 600
2026.08.11-v1,HMH,HMH Holding Inc.,Aktie,USA,Nasdaq Global Select,true,B,Nasdaq Global Select Market
2026.08.11-v1,HMN,Horace Mann Educators Corporation,Aktie,USA,Financials,true,C,S&P SmallCap 600
2026.08.11-v1,HNI,HNI Corporation,Aktie,USA,Industrials,true,C,S&P SmallCap 600
2026.08.11-v1,HNST,"The Honest Company, Inc.",Aktie,USA,Nasdaq Global Select,true,B,Nasdaq Global Select Market
2026.08.11-v1,HNVR,"Hanover Bancorp, Inc.",Aktie,USA,Nasdaq Global Select,true,B,Nasdaq Global Select Market
2026.08.11-v1,HOFT,Hooker Furnishings Corporation,Aktie,USA,Nasdaq Global Select,true,B,Nasdaq Global Select Market
2026.08.11-v1,HOG,Harley-Davidson,Aktie,USA,Consumer Discretionary,true,B,S&P MidCap 400
2026.08.11-v1,HOMB,Home BancShares,Aktie,USA,Financials,true,B,S&P MidCap 400
2026.08.11-v1,HON,Honeywell,Aktie,USA,Industrie,true,A,Kuratiertes Prognoseuniversum; Nasdaq Global Select Market; S&P 500
2026.08.11-v1,HONA,Honeywell Aerospace,Aktie,USA,Industrials,true,A,Nasdaq Global Select Market; S&P 500
2026.08.11-v1,HOOD,Robinhood Markets,Aktie,USA,Financials,true,A,Nasdaq Global Select Market; S&P 500
2026.08.11-v1,HOPE,"Hope Bancorp, Inc.",Aktie,USA,Financials,true,C,Nasdaq Global Select Market; S&P SmallCap 600
2026.08.11-v1,HP,"Helmerich & Payne, Inc.",Aktie,USA,Energy,true,C,S&P SmallCap 600
2026.08.11-v1,HPE,Hewlett Packard Enterprise,Aktie,USA,Information Technology,true,A,S&P 500
2026.08.11-v1,HPQ,HP Inc.,Aktie,USA,Information Technology,true,A,S&P 500
2026.08.11-v1,HQY,HealthEquity,Aktie,USA,Health Care,true,B,Nasdaq Global Select Market; S&P MidCap 400
2026.08.11-v1,HR,Healthcare Realty Trust,Aktie,USA,Real Estate,true,B,S&P MidCap 400
2026.08.11-v1,HRB,H&R Block,Aktie,USA,Consumer Discretionary,true,B,S&P MidCap 400
2026.08.11-v1,HRL,Hormel Foods,Aktie,USA,Consumer Staples,true,A,S&P 500
2026.08.11-v1,HRMY,"Harmony Biosciences Holdings, Inc.",Aktie,USA,Health Care,true,C,S&P SmallCap 600
2026.08.11-v1,HRZN,Horizon Technology Finance Corporation,Aktie,USA,Nasdaq Global Select,true,B,Nasdaq Global Select Market
2026.08.11-v1,HSAI,Hesai Group,Aktie,USA,Nasdaq Global Select,true,B,Nasdaq Global Select Market
2026.08.11-v1,HSIC,Henry Schein,Aktie,USA,Health Care,true,A,Nasdaq Global Select Market; S&P 500
2026.08.11-v1,HST,Host Hotels & Resorts,Aktie,USA,Real Estate,true,A,Nasdaq Global Select Market; S&P 500
2026.08.11-v1,HSTM,"HealthStream, Inc.",Aktie,USA,Health Care,true,C,Nasdaq Global Select Market; S&P SmallCap 600
2026.08.11-v1,HSY,Hershey Company (The),Aktie,USA,Consumer Staples,true,A,S&P 500
2026.08.11-v1,HTFL,"Heartflow, Inc.",Aktie,USA,Nasdaq Global Select,true,B,Nasdaq Global Select Market
2026.08.11-v1,HTH,Hilltop Holdings Inc.,Aktie,USA,Financials,true,C,S&P SmallCap 600
2026.08.11-v1,HTHT,H World Group Limited,Aktie,USA,Nasdaq Global Select,true,B,Nasdaq Global Select Market
2026.08.11-v1,HTLD,"Heartland Express, Inc.",Aktie,USA,Industrials,true,C,Nasdaq Global Select Market; S&P SmallCap 600
2026.08.11-v1,HTO,H2O America,Aktie,USA,Utilities,true,C,Nasdaq Global Select Market; S&P SmallCap 600
2026.08.11-v1,HTZ,Hertz,Aktie,USA,Industrials,true,C,Nasdaq Global Select Market; S&P SmallCap 600
2026.08.11-v1,HUBB,Hubbell Incorporated,Aktie,USA,Industrials,true,A,S&P 500
2026.08.11-v1,HUBG,"Hub Group, Inc.",Aktie,USA,Industrials,true,C,S&P SmallCap 600
2026.08.11-v1,HUM,Humana,Aktie,USA,Health Care,true,A,S&P 500
2026.08.11-v1,HURC,"Hurco Companies, Inc.",Aktie,USA,Nasdaq Global Select,true,B,Nasdaq Global Select Market
2026.08.11-v1,HURN,Huron Consulting Group Inc.,Aktie,USA,Nasdaq Global Select,true,B,Nasdaq Global Select Market
2026.08.11-v1,HUT,Hut 8 Corp.,Aktie,USA,Nasdaq Global Select,true,B,Nasdaq Global Select Market
2026.08.11-v1,HWBK,"Hawthorn Bancshares, Inc.",Aktie,USA,Nasdaq Global Select,true,B,Nasdaq Global Select Market
2026.08.11-v1,HWC,Hancock Whitney,Aktie,USA,Financials,true,B,Nasdaq Global Select Market; S&P MidCap 400
2026.08.11-v1,HWKN,"Hawkins, Inc.",Aktie,USA,Materials,true,C,Nasdaq Global Select Market; S&P SmallCap 600
2026.08.11-v1,HWM,Howmet Aerospace,Aktie,USA,Industrials,true,A,S&P 500
2026.08.11-v1,HXL,Hexcel,Aktie,USA,Industrials,true,B,S&P MidCap 400
2026.08.11-v1,HZO,"MarineMax, Inc.",Aktie,USA,Consumer Discretionary,true,C,S&P SmallCap 600
2026.08.11-v1,IART,Integra Lifesciences Holdings,Aktie,USA,Health Care,true,C,Nasdaq Global Select Market; S&P SmallCap 600
2026.08.11-v1,IBCP,Independent Bank Corporation,Aktie,USA,Nasdaq Global Select,true,B,Nasdaq Global Select Market
2026.08.11-v1,IBKR,Interactive Brokers,Aktie,USA,Financials,true,A,Nasdaq Global Select Market; S&P 500
2026.08.11-v1,IBM,IBM,Aktie,USA,Technologie,true,A,Kuratiertes Prognoseuniversum; S&P 500
2026.08.11-v1,IBOC,Intl Bancshares Corp,Aktie,USA,Financials,true,B,Nasdaq Global Select Market; S&P MidCap 400
2026.08.11-v1,IBP,"Installed Building Products, Inc.",Aktie,USA,Consumer Discretionary,true,C,S&P SmallCap 600
2026.08.11-v1,IBRX,"ImmunityBio, Inc.",Aktie,USA,Nasdaq Global Select,true,B,Nasdaq Global Select Market
2026.08.11-v1,ICE,Intercontinental Exchange,Aktie,USA,Financials,true,A,S&P 500
2026.08.11-v1,ICFI,"ICF International, Inc.",Aktie,USA,Nasdaq Global Select,true,B,Nasdaq Global Select Market
2026.08.11-v1,ICHR,"Ichor Holdings, Ltd.",Aktie,USA,Information Technology,true,C,Nasdaq Global Select Market; S&P SmallCap 600
2026.08.11-v1,ICLR,ICON plc,Aktie,USA,Nasdaq Global Select,true,B,Nasdaq Global Select Market
2026.08.11-v1,ICMB,"Investcorp Credit Management BDC, Inc.",Aktie,USA,Nasdaq Global Select,true,B,Nasdaq Global Select Market
2026.08.11-v1,ICUI,ICU Medical,Aktie,USA,Health Care,true,C,Nasdaq Global Select Market; S&P SmallCap 600
2026.08.11-v1,IDA,Idacorp,Aktie,USA,Utilities,true,B,S&P MidCap 400
2026.08.11-v1,IDCC,InterDigital,Aktie,USA,Information Technology,true,B,Nasdaq Global Select Market; S&P MidCap 400
2026.08.11-v1,IDXX,Idexx Laboratories,Aktie,USA,Health Care,true,A,Nasdaq Global Select Market; S&P 500
2026.08.11-v1,IDYA,"IDEAYA Biosciences, Inc.",Aktie,USA,Nasdaq Global Select,true,B,Nasdaq Global Select Market
2026.08.11-v1,IESC,IES Holdings,Aktie,USA,Industrials,true,B,S&P MidCap 400
2026.08.11-v1,IEX,IDEX Corporation,Aktie,USA,Industrials,true,A,S&P 500
2026.08.11-v1,IFF,International Flavors & Fragrances,Aktie,USA,Materials,true,A,S&P 500
2026.08.11-v1,IFRX,InflaRx N.V.,Aktie,USA,Nasdaq Global Select,true,B,Nasdaq Global Select Market
2026.08.11-v1,IHRT,"iHeartMedia, Inc.",Aktie,USA,Nasdaq Global Select,true,B,Nasdaq Global Select Market
2026.08.11-v1,IIIV,"i3 Verticals, Inc.",Aktie,USA,Nasdaq Global Select,true,B,Nasdaq Global Select Market
2026.08.11-v1,IIPR,"Innovative Industrial Properties, Inc.",Aktie,USA,Real Estate,true,C,S&P SmallCap 600
2026.08.11-v1,ILMN,"Illumina, Inc.",Aktie,USA,Health Care,true,B,Nasdaq Global Select Market; S&P MidCap 400
2026.08.11-v1,ILPT,Industrial Logistics Properties Trust,Aktie,USA,Nasdaq Global Select,true,B,Nasdaq Global Select Market
2026.08.11-v1,IMCR,Immunocore Holdings plc,Aktie,USA,Nasdaq Global Select,true,B,Nasdaq Global Select Market
2026.08.11-v1,IMKTA,"Ingles Markets, Incorporated",Aktie,USA,Nasdaq Global Select,true,B,Nasdaq Global Select Market
2026.08.11-v1,IMMR,Immersion Corporation,Aktie,USA,Nasdaq Global Select,true,B,Nasdaq Global Select Market
2026.08.11-v1,IMOS,ChipMOS TECHNOLOGIES INC.,Aktie,USA,Nasdaq Global Select,true,B,Nasdaq Global Select Market
2026.08.11-v1,IMSR,Terrestrial Energy Inc.,Aktie,USA,Nasdaq Global Select,true,B,Nasdaq Global Select Market
2026.08.11-v1,IMVT,"Immunovant, Inc.",Aktie,USA,Nasdaq Global Select,true,B,Nasdaq Global Select Market
2026.08.11-v1,INBK,First Internet Bancorp,Aktie,USA,Nasdaq Global Select,true,B,Nasdaq Global Select Market
2026.08.11-v1,INBX,"Inhibrx Biosciences, Inc.",Aktie,USA,Nasdaq Global Select,true,B,Nasdaq Global Select Market
2026.08.11-v1,INCY,Incyte,Aktie,USA,Health Care,true,A,Nasdaq Global Select Market; S&P 500
2026.08.11-v1,INDB,Independent Bank Corp.,Aktie,USA,Financials,true,C,Nasdaq Global Select Market; S&P SmallCap 600
2026.08.11-v1,INDV,Indivior,Aktie,USA,Health Care,true,C,Nasdaq Global Select Market; S&P SmallCap 600
2026.08.11-v1,INGN,"Inogen, Inc",Aktie,USA,Nasdaq Global Select,true,B,Nasdaq Global Select Market
2026.08.11-v1,INGR,Ingredion,Aktie,USA,Consumer Staples,true,B,S&P MidCap 400
2026.08.11-v1,INIO,INNIO N.V.,Aktie,USA,Nasdaq Global Select,true,B,Nasdaq Global Select Market
2026.08.11-v1,INMD,InMode Ltd.,Aktie,USA,Nasdaq Global Select,true,B,Nasdaq Global Select Market
2026.08.11-v1,INNV,InnovAge Holding Corp.,Aktie,USA,Nasdaq Global Select,true,B,Nasdaq Global Select Market
2026.08.11-v1,INSG,Inseego Corp.,Aktie,USA,Nasdaq Global Select,true,B,Nasdaq Global Select Market
2026.08.11-v1,INSM,Insmed Incorporated,Aktie,USA,Nasdaq Global Select,true,B,Nasdaq Global Select Market
2026.08.11-v1,INSP,"Inspire Medical Systems, Inc.",Aktie,USA,Health Care,true,C,S&P SmallCap 600
2026.08.11-v1,INSW,"International Seaways, Inc.",Aktie,USA,Energy,true,C,S&P SmallCap 600
2026.08.11-v1,INTA,"Intapp, Inc.",Aktie,USA,Nasdaq Global Select,true,B,Nasdaq Global Select Market
2026.08.11-v1,INTC,Intel,Aktie,USA,Information Technology,true,A,Nasdaq Global Select Market; S&P 500
2026.08.11-v1,INTR,Inter & Co. Inc.,Aktie,USA,Nasdaq Global Select,true,B,Nasdaq Global Select Market
2026.08.11-v1,INTU,Intuit,Aktie,USA,Software,true,A,Kuratiertes Prognoseuniversum; Nasdaq Global Select Market; S&P 500
2026.08.11-v1,INVA,"Innoviva, Inc.",Aktie,USA,Health Care,true,C,Nasdaq Global Select Market; S&P SmallCap 600
2026.08.11-v1,INVH,Invitation Homes,Aktie,USA,Real Estate,true,A,S&P 500
2026.08.11-v1,INVX,"Innovex International, Inc.",Aktie,USA,Energy,true,C,S&P SmallCap 600
2026.08.11-v1,IOND,Ionic Digital Inc.,Aktie,USA,Nasdaq Global Select,true,B,Nasdaq Global Select Market
2026.08.11-v1,IONS,"Ionis Pharmaceuticals, Inc.",Aktie,USA,Nasdaq Global Select,true,B,Nasdaq Global Select Market
2026.08.11-v1,IOSP,"Innospec, Inc.",Aktie,USA,Materials,true,C,Nasdaq Global Select Market; S&P SmallCap 600
2026.08.11-v1,IP,International Paper,Aktie,USA,Materials,true,A,S&P 500
2026.08.11-v1,IPAR,"Inter Parfums, Inc.",Aktie,USA,Consumer Staples,true,C,Nasdaq Global Select Market; S&P SmallCap 600
2026.08.11-v1,IPGP,IPG Photonics,Aktie,USA,Information Technology,true,B,Nasdaq Global Select Market; S&P MidCap 400
2026.08.11-v1,IPHA,Innate Pharma S.A.,Aktie,USA,Nasdaq Global Select,true,B,Nasdaq Global Select Market
2026.08.11-v1,IQ,"iQIYI, Inc.",Aktie,USA,Nasdaq Global Select,true,B,Nasdaq Global Select Market
2026.08.11-v1,IQMX,IQM Quantum Computers Oyj,Aktie,USA,Nasdaq Global Select,true,B,Nasdaq Global Select Market
2026.08.11-v1,IQV,IQVIA,Aktie,USA,Health Care,true,A,S&P 500
2026.08.11-v1,IR,Ingersoll Rand,Aktie,USA,Industrials,true,A,S&P 500
2026.08.11-v1,IRDM,Iridium Communications,Aktie,USA,Communication Services,true,C,Nasdaq Global Select Market; S&P SmallCap 600
2026.08.11-v1,IREN,IREN Limited,Aktie,USA,Nasdaq Global Select,true,B,Nasdaq Global Select Market
2026.08.11-v1,IRM,Iron Mountain,Aktie,USA,Real Estate,true,A,S&P 500
2026.08.11-v1,IRT,Independence Realty Trust,Aktie,USA,Real Estate,true,B,S&P MidCap 400
2026.08.11-v1,IRTC,"iRhythm Holdings, Inc.",Aktie,USA,Nasdaq Global Select,true,B,Nasdaq Global Select Market
2026.08.11-v1,IRWD,"Ironwood Pharmaceuticals, Inc.",Aktie,USA,Nasdaq Global Select,true,B,Nasdaq Global Select Market
2026.08.11-v1,ISRG,Intuitive Surgical,Aktie,USA,Gesundheit,true,A,Kuratiertes Prognoseuniversum; Nasdaq Global Select Market; S&P 500
2026.08.11-v1,ISSC,"Innovative Solutions and Support, Inc.",Aktie,USA,Nasdaq Global Select,true,B,Nasdaq Global Select Market
2026.08.11-v1,IT,Gartner,Aktie,USA,Information Technology,true,A,S&P 500
2026.08.11-v1,ITG,"ITG, Inc.",Aktie,USA,Nasdaq Global Select,true,B,Nasdaq Global Select Market
2026.08.11-v1,ITGR,Integer Holdings Corporation,Aktie,USA,Health Care,true,C,S&P SmallCap 600
2026.08.11-v1,ITIC,Investors Title Company,Aktie,USA,Nasdaq Global Select,true,B,Nasdaq Global Select Market
2026.08.11-v1,ITRI,"Itron, Inc.",Aktie,USA,Information Technology,true,C,Nasdaq Global Select Market; S&P SmallCap 600
2026.08.11-v1,ITRN,Ituran Location and Control Ltd.,Aktie,USA,Nasdaq Global Select,true,B,Nasdaq Global Select Market
2026.08.11-v1,ITT,ITT Inc.,Aktie,USA,Industrials,true,B,S&P MidCap 400
2026.08.11-v1,ITW,Illinois Tool Works,Aktie,USA,Industrials,true,A,S&P 500
2026.08.11-v1,IVT,InvenTrust Properties,Aktie,USA,Real Estate,true,C,S&P SmallCap 600
2026.08.11-v1,IVZ,Invesco,Aktie,USA,Financials,true,A,S&P 500
2026.08.11-v1,J,Jacobs Solutions,Aktie,USA,Industrials,true,A,S&P 500
2026.08.11-v1,JACK,Jack In The Box Inc.,Aktie,USA,Nasdaq Global Select,true,B,Nasdaq Global Select Market
2026.08.11-v1,JAKK,"JAKKS Pacific, Inc.",Aktie,USA,Nasdaq Global Select,true,B,Nasdaq Global Select Market
2026.08.11-v1,JAZZ,Jazz Pharmaceuticals,Aktie,USA,Health Care,true,B,Nasdaq Global Select Market; S&P MidCap 400
2026.08.11-v1,JBGS,JBG Smith,Aktie,USA,Real Estate,true,C,S&P SmallCap 600
2026.08.11-v1,JBHT,J.B. Hunt,Aktie,USA,Industrials,true,A,Nasdaq Global Select Market; S&P 500
2026.08.11-v1,JBL,Jabil,Aktie,USA,Information Technology,true,A,S&P 500
2026.08.11-v1,JBLU,JetBlue,Aktie,USA,Industrials,true,C,Nasdaq Global Select Market; S&P SmallCap 600
2026.08.11-v1,JBSS,"John B. Sanfilippo & Son, Inc.",Aktie,USA,Consumer Staples,true,C,Nasdaq Global Select Market; S&P SmallCap 600
2026.08.11-v1,JBTM,JBT Marel Corporation,Aktie,USA,Industrials,true,C,S&P SmallCap 600
2026.08.11-v1,JCAP,"Jefferson Capital, Inc.",Aktie,USA,Nasdaq Global Select,true,B,Nasdaq Global Select Market
2026.08.11-v1,JCI,Johnson Controls,Aktie,USA,Industrials,true,A,S&P 500
2026.08.11-v1,JD,"JD.com, Inc.",Aktie,USA,Nasdaq Global Select,true,B,Nasdaq Global Select Market
2026.08.11-v1,JEF,Jefferies,Aktie,USA,Financials,true,B,S&P MidCap 400
2026.08.11-v1,JJSF,J&J Snack Foods Corp.,Aktie,USA,Consumer Staples,true,C,Nasdaq Global Select Market; S&P SmallCap 600
2026.08.11-v1,JKHY,Jack Henry & Associates,Aktie,USA,Financials,true,A,Nasdaq Global Select Market; S&P 500
2026.08.11-v1,JLL,Jones Lang LaSalle,Aktie,USA,Real Estate,true,B,S&P MidCap 400
2026.08.11-v1,JNJ,Johnson and Johnson,Aktie,USA,Gesundheit,true,A,Kuratiertes Prognoseuniversum; S&P 500
2026.08.11-v1,JOE,St. Joe Company,Aktie,USA,Real Estate,true,C,S&P SmallCap 600
2026.08.11-v1,JOUT,Johnson Outdoors Inc.,Aktie,USA,Nasdaq Global Select,true,B,Nasdaq Global Select Market
2026.08.11-v1,JOYY,JOYY Inc.,Aktie,USA,Nasdaq Global Select,true,B,Nasdaq Global Select Market
2026.08.11-v1,JPM,JPMorgan Chase,Aktie,USA,Finanzen,true,A,Kuratiertes Prognoseuniversum; S&P 500
2026.08.11-v1,JRVR,"James River Group Holdings, Inc.",Aktie,USA,Nasdaq Global Select,true,B,Nasdaq Global Select Market
2026.08.11-v1,JXN,"Jackson Financial, Inc.",Aktie,USA,Financials,true,C,S&P SmallCap 600
2026.08.11-v1,KAI,Kadant Inc.,Aktie,USA,Industrials,true,C,S&P SmallCap 600
2026.08.11-v1,KALU,Kaiser Aluminum Corporation,Aktie,USA,Materials,true,C,Nasdaq Global Select Market; S&P SmallCap 600
2026.08.11-v1,KBH,KB Home,Aktie,USA,Consumer Discretionary,true,B,S&P MidCap 400
2026.08.11-v1,KBR,"KBR, Inc.",Aktie,USA,Industrials,true,B,S&P MidCap 400
2026.08.11-v1,KC,Kingsoft Cloud Holdings Limited,Aktie,USA,Nasdaq Global Select,true,B,Nasdaq Global Select Market
2026.08.11-v1,KD,Kyndryl,Aktie,USA,Information Technology,true,B,S&P MidCap 400
2026.08.11-v1,KDP,Keurig Dr Pepper,Aktie,USA,Consumer Staples,true,A,Nasdaq Global Select Market; S&P 500
2026.08.11-v1,KE,"Kimball Electronics, Inc.",Aktie,USA,Nasdaq Global Select,true,B,Nasdaq Global Select Market
2026.08.11-v1,KELYA,"Kelly Services, Inc.",Aktie,USA,Nasdaq Global Select,true,B,Nasdaq Global Select Market
2026.08.11-v1,KELYB,"Kelly Services, Inc.",Aktie,USA,Nasdaq Global Select,true,B,Nasdaq Global Select Market
2026.08.11-v1,KEX,Kirby Corporation,Aktie,USA,Industrials,true,B,S&P MidCap 400
2026.08.11-v1,KEY,KeyCorp,Aktie,USA,Financials,true,A,S&P 500
2026.08.11-v1,KEYS,Keysight Technologies,Aktie,USA,Information Technology,true,A,S&P 500
2026.08.11-v1,KFY,Korn/Ferry International,Aktie,USA,Industrials,true,C,S&P SmallCap 600
2026.08.11-v1,KGS,"Kodiak Gas Services, Inc.",Aktie,USA,Energy,true,C,S&P SmallCap 600
2026.08.11-v1,KHC,Kraft Heinz,Aktie,USA,Consumer Staples,true,A,Nasdaq Global Select Market; S&P 500
2026.08.11-v1,KIM,Kimco Realty,Aktie,USA,Real Estate,true,A,S&P 500
2026.08.11-v1,KKR,KKR & Co.,Aktie,USA,Financials,true,A,S&P 500
2026.08.11-v1,KLAC,KLA,Aktie,USA,Halbleiter,true,A,Kuratiertes Prognoseuniversum; Nasdaq Global Select Market; S&P 500
2026.08.11-v1,KLIC,"Kulicke and Soffa Industries, Inc.",Aktie,USA,Information Technology,true,C,Nasdaq Global Select Market; S&P SmallCap 600
2026.08.11-v1,KLRA,"Kailera Therapeutics, Inc.",Aktie,USA,Nasdaq Global Select,true,B,Nasdaq Global Select Market
2026.08.11-v1,KLTR,"Kaltura, Inc.",Aktie,USA,Nasdaq Global Select,true,B,Nasdaq Global Select Market
2026.08.11-v1,KLXE,"KLX Energy Services Holdings, Inc.",Aktie,USA,Nasdaq Global Select,true,B,Nasdaq Global Select Market
2026.08.11-v1,KMB,Kimberly-Clark,Aktie,USA,Consumer Staples,true,A,Nasdaq Global Select Market; S&P 500
2026.08.11-v1,KMDA,Kamada Ltd.,Aktie,USA,Nasdaq Global Select,true,B,Nasdaq Global Select Market
2026.08.11-v1,KMI,Kinder Morgan,Aktie,USA,Energy,true,A,S&P 500
2026.08.11-v1,KMPR,Kemper Corporation,Aktie,USA,Financials,true,C,S&P SmallCap 600
2026.08.11-v1,KMT,Kennametal,Aktie,USA,Industrials,true,C,S&P SmallCap 600
2026.08.11-v1,KMTS,"Kestra Medical Technologies, Ltd.",Aktie,USA,Nasdaq Global Select,true,B,Nasdaq Global Select Market
2026.08.11-v1,KMX,"CarMax, Inc.",Aktie,USA,Consumer Discretionary,true,C,S&P SmallCap 600
2026.08.11-v1,KN,Knowles Corporation,Aktie,USA,Information Technology,true,C,S&P SmallCap 600
2026.08.11-v1,KNF,Knife River Corporation,Aktie,USA,Materials,true,B,S&P MidCap 400
2026.08.11-v1,KNSA,"Kiniksa Pharmaceuticals International, plc",Aktie,USA,Nasdaq Global Select,true,B,Nasdaq Global Select Market
2026.08.11-v1,KNSL,Kinsale Capital Group,Aktie,USA,Financials,true,B,S&P MidCap 400
2026.08.11-v1,KNTK,"Kinetik Holdings, Inc.",Aktie,USA,Energy,true,C,S&P SmallCap 600
2026.08.11-v1,KNX,Knight-Swift,Aktie,USA,Industrials,true,B,S&P MidCap 400
2026.08.11-v1,KO,Coca Cola,Aktie,USA,Konsum,true,A,Kuratiertes Prognoseuniversum; S&P 500
2026.08.11-v1,KOP,"Koppers Holdings, Inc.",Aktie,USA,Materials,true,C,S&P SmallCap 600
2026.08.11-v1,KPTI,Karyopharm Therapeutics Inc.,Aktie,USA,Nasdaq Global Select,true,B,Nasdaq Global Select Market
2026.08.11-v1,KR,Kroger,Aktie,USA,Consumer Staples,true,A,S&P 500
2026.08.11-v1,KRC,Kilroy Realty Corp,Aktie,USA,Real Estate,true,B,S&P MidCap 400
2026.08.11-v1,KRG,Kite Realty Group Trust,Aktie,USA,Real Estate,true,B,S&P MidCap 400
2026.08.11-v1,KRMN,Karman Holdings,Aktie,USA,Industrials,true,C,S&P SmallCap 600
2026.08.11-v1,KRNT,Kornit Digital Ltd.,Aktie,USA,Nasdaq Global Select,true,B,Nasdaq Global Select Market
2026.08.11-v1,KRNY,Kearny Financial,Aktie,USA,Nasdaq Global Select,true,B,Nasdaq Global Select Market
2026.08.11-v1,KRT,Karat Packaging Inc.,Aktie,USA,Nasdaq Global Select,true,B,Nasdaq Global Select Market
2026.08.11-v1,KRYS,Krystal Biotech,Aktie,USA,Health Care,true,B,Nasdaq Global Select Market; S&P MidCap 400
2026.08.11-v1,KSPI,Joint Stock Company Kaspi.kz,Aktie,USA,Nasdaq Global Select,true,B,Nasdaq Global Select Market
2026.08.11-v1,KSS,Kohl's Corp.,Aktie,USA,Consumer Discretionary,true,C,S&P SmallCap 600
2026.08.11-v1,KTB,Kontoor Brands,Aktie,USA,Consumer Discretionary,true,C,S&P SmallCap 600
2026.08.11-v1,KTOS,Kratos Defense & Security Solutions,Aktie,USA,Industrials,true,B,Nasdaq Global Select Market; S&P MidCap 400
2026.08.11-v1,KURA,"Kura Oncology, Inc.",Aktie,USA,Nasdaq Global Select,true,B,Nasdaq Global Select Market
2026.08.11-v1,KVHI,"KVH Industries, Inc.",Aktie,USA,Nasdaq Global Select,true,B,Nasdaq Global Select Market
2026.08.11-v1,KVUE,Kenvue,Aktie,USA,Consumer Staples,true,A,S&P 500
2026.08.11-v1,KWR,Quaker Chemical Corporation,Aktie,USA,Materials,true,C,S&P SmallCap 600
2026.08.11-v1,KYIV,Kyivstar Group Ltd.,Aktie,USA,Nasdaq Global Select,true,B,Nasdaq Global Select Market
2026.08.11-v1,KYTX,"Kyverna Therapeutics, Inc.",Aktie,USA,Nasdaq Global Select,true,B,Nasdaq Global Select Market
2026.08.11-v1,L,Loews Corporation,Aktie,USA,Financials,true,A,S&P 500
2026.08.11-v1,LAD,Lithia Motors,Aktie,USA,Consumer Discretionary,true,B,S&P MidCap 400
2026.08.11-v1,LAES,SEALSQ Corp,Aktie,USA,Nasdaq Global Select,true,B,Nasdaq Global Select Market
2026.08.11-v1,LAMR,Lamar Advertising Company,Aktie,USA,Real Estate,true,B,Nasdaq Global Select Market; S&P MidCap 400
2026.08.11-v1,LASR,"nLIGHT, Inc.",Aktie,USA,Nasdaq Global Select,true,B,Nasdaq Global Select Market
2026.08.11-v1,LAUR,"Laureate Education, Inc.",Aktie,USA,Consumer Discretionary,true,C,Nasdaq Global Select Market; S&P SmallCap 600
2026.08.11-v1,LAZ,Lazard,Aktie,USA,Financials,true,C,S&P SmallCap 600
2026.08.11-v1,LBRDA,Liberty Broadband Corporation,Aktie,USA,Nasdaq Global Select,true,B,Nasdaq Global Select Market
2026.08.11-v1,LBRDK,Liberty Broadband Corporation,Aktie,USA,Nasdaq Global Select,true,B,Nasdaq Global Select Market
2026.08.11-v1,LBRT,"Liberty Energy, Inc.",Aktie,USA,Energy,true,C,S&P SmallCap 600
2026.08.11-v1,LBTYA,Liberty Global Ltd.,Aktie,USA,Nasdaq Global Select,true,B,Nasdaq Global Select Market
2026.08.11-v1,LBTYB,Liberty Global Ltd.,Aktie,USA,Nasdaq Global Select,true,B,Nasdaq Global Select Market
2026.08.11-v1,LBTYK,Liberty Global Ltd.,Aktie,USA,Nasdaq Global Select,true,B,Nasdaq Global Select Market
2026.08.11-v1,LCID,"Lucid Group, Inc.",Aktie,USA,Nasdaq Global Select,true,B,Nasdaq Global Select Market
2026.08.11-v1,LCII,LCI Industries,Aktie,USA,Consumer Discretionary,true,C,S&P SmallCap 600
2026.08.11-v1,LCUT,"Lifetime Brands, Inc.",Aktie,USA,Nasdaq Global Select,true,B,Nasdaq Global Select Market
2026.08.11-v1,LDOS,Leidos,Aktie,USA,Industrials,true,A,S&P 500
2026.08.11-v1,LEA,Lear,Aktie,USA,Consumer Discretionary,true,B,S&P MidCap 400
2026.08.11-v1,LECO,Lincoln Electric,Aktie,USA,Industrials,true,B,Nasdaq Global Select Market; S&P MidCap 400
2026.08.11-v1,LEE,"Lee Enterprises, Incorporated",Aktie,USA,Nasdaq Global Select,true,B,Nasdaq Global Select Market
2026.08.11-v1,LEG,Leggett & Platt,Aktie,USA,Consumer Discretionary,true,C,S&P SmallCap 600
2026.08.11-v1,LEGH,Legacy Housing Corporation,Aktie,USA,Nasdaq Global Select,true,B,Nasdaq Global Select Market
2026.08.11-v1,LEGN,Legend Biotech Corporation,Aktie,USA,Nasdaq Global Select,true,B,Nasdaq Global Select Market
2026.08.11-v1,LEN,Lennar,Aktie,USA,Consumer Discretionary,true,A,S&P 500
2026.08.11-v1,LENZ,"LENZ Therapeutics, Inc.",Aktie,USA,Nasdaq Global Select,true,B,Nasdaq Global Select Market
2026.08.11-v1,LESL,"Leslie's, Inc.",Aktie,USA,Nasdaq Global Select,true,B,Nasdaq Global Select Market
2026.08.11-v1,LEU,Centrus Energy Corp.,Aktie,USA,Energy,true,C,S&P SmallCap 600
2026.08.11-v1,LFCR,"Lifecore Biomedical, Inc.",Aktie,USA,Nasdaq Global Select,true,B,Nasdaq Global Select Market
2026.08.11-v1,LFST,Lifestance Health,Aktie,USA,Health Care,true,C,Nasdaq Global Select Market; S&P SmallCap 600
2026.08.11-v1,LFTO,"Liftoff Mobile, Inc.",Aktie,USA,Nasdaq Global Select,true,B,Nasdaq Global Select Market
2026.08.11-v1,LFUS,Littelfuse,Aktie,USA,Information Technology,true,B,Nasdaq Global Select Market; S&P MidCap 400
2026.08.11-v1,LGIH,LGI Homes,Aktie,USA,Consumer Discretionary,true,C,Nasdaq Global Select Market; S&P SmallCap 600
2026.08.11-v1,LGN,Legence Corp.,Aktie,USA,Nasdaq Global Select,true,B,Nasdaq Global Select Market
2026.08.11-v1,LGND,"Ligand Pharmaceuticals, Inc.",Aktie,USA,Health Care,true,C,S&P SmallCap 600
2026.08.11-v1,LH,Labcorp,Aktie,USA,Health Care,true,A,S&P 500
2026.08.11-v1,LHX,L3Harris,Aktie,USA,Industrials,true,A,S&P 500
2026.08.11-v1,LI,Li Auto Inc.,Aktie,USA,Nasdaq Global Select,true,B,Nasdaq Global Select Market
2026.08.11-v1,LIF,Life360,Aktie,USA,Information Technology,true,C,Nasdaq Global Select Market; S&P SmallCap 600
2026.08.11-v1,LIFE,Ethos Technologies Inc.,Aktie,USA,Nasdaq Global Select,true,B,Nasdaq Global Select Market
2026.08.11-v1,LII,Lennox International,Aktie,USA,Industrials,true,A,S&P 500
2026.08.11-v1,LILA,Liberty Latin America Ltd.,Aktie,USA,Nasdaq Global Select,true,B,Nasdaq Global Select Market
2026.08.11-v1,LILAK,Liberty Latin America Ltd.,Aktie,USA,Nasdaq Global Select,true,B,Nasdaq Global Select Market
2026.08.11-v1,LILAP,Liberty Latin America Ltd.,Aktie,USA,Nasdaq Global Select,true,B,Nasdaq Global Select Market
2026.08.11-v1,LIME,"Neutron Holdings, Inc.",Aktie,USA,Nasdaq Global Select,true,B,Nasdaq Global Select Market
2026.08.11-v1,LIN,Linde,Aktie,USA,Grundstoffe,true,A,Kuratiertes Prognoseuniversum; Nasdaq Global Select Market; S&P 500
2026.08.11-v1,LINC,Lincoln Educational Services Corporation,Aktie,USA,Nasdaq Global Select,true,B,Nasdaq Global Select Market
2026.08.11-v1,LINE,"Lineage, Inc.",Aktie,USA,Nasdaq Global Select,true,B,Nasdaq Global Select Market
2026.08.11-v1,LITE,Lumentum,Aktie,USA,Information Technology,true,A,Nasdaq Global Select Market; S&P 500
2026.08.11-v1,LIVN,LivaNova,Aktie,USA,Health Care,true,B,Nasdaq Global Select Market; S&P MidCap 400
2026.08.11-v1,LKFN,Lakeland Financial,Aktie,USA,Financials,true,C,Nasdaq Global Select Market; S&P SmallCap 600
2026.08.11-v1,LKFT,Lakefront Biotherapeutics,Aktie,USA,Nasdaq Global Select,true,B,Nasdaq Global Select Market
2026.08.11-v1,LKQ,LKQ Corporation,Aktie,USA,Consumer Discretionary,true,C,Nasdaq Global Select Market; S&P SmallCap 600
2026.08.11-v1,LLY,Eli Lilly,Aktie,USA,Gesundheit,true,A,Kuratiertes Prognoseuniversum; S&P 500
2026.08.11-v1,LLYVA,"Liberty Live Holdings, Inc.",Aktie,USA,Nasdaq Global Select,true,B,Nasdaq Global Select Market
2026.08.11-v1,LLYVK,"Liberty Live Holdings, Inc.",Aktie,USA,Nasdaq Global Select,true,B,Nasdaq Global Select Market
2026.08.11-v1,LMAT,LeMaitre Vascular,Aktie,USA,Health Care,true,C,S&P SmallCap 600
2026.08.11-v1,LMNR,Limoneira Co,Aktie,USA,Nasdaq Global Select,true,B,Nasdaq Global Select Market
2026.08.11-v1,LMRI,"Lumexa Imaging Holdings, Inc.",Aktie,USA,Nasdaq Global Select,true,B,Nasdaq Global Select Market
2026.08.11-v1,LMT,Lockheed Martin,Aktie,USA,Luftfahrt,true,A,Kuratiertes Prognoseuniversum; S&P 500
2026.08.11-v1,LNC,Lincoln Financial,Aktie,USA,Financials,true,C,S&P SmallCap 600
2026.08.11-v1,LNN,Lindsay Corporation,Aktie,USA,Materials,true,C,S&P SmallCap 600
2026.08.11-v1,LNT,Alliant Energy,Aktie,USA,Utilities,true,A,Nasdaq Global Select Market; S&P 500
2026.08.11-v1,LNTH,Lantheus Holdings,Aktie,USA,Health Care,true,B,S&P MidCap 400
2026.08.11-v1,LOCO,"El Pollo Loco Holdings, Inc.",Aktie,USA,Nasdaq Global Select,true,B,Nasdaq Global Select Market
2026.08.11-v1,LOGI,Logitech International S.A.,Aktie,USA,Nasdaq Global Select,true,B,Nasdaq Global Select Market
2026.08.11-v1,LOPE,Grand Canyon Education,Aktie,USA,Consumer Discretionary,true,B,Nasdaq Global Select Market; S&P MidCap 400
2026.08.11-v1,LOT,Lotus Technology Inc.,Aktie,USA,Nasdaq Global Select,true,B,Nasdaq Global Select Market
2026.08.11-v1,LOW,Lowes,Aktie,USA,Konsum,true,A,Kuratiertes Prognoseuniversum; S&P 500
2026.08.11-v1,LPG,Dorian LPG Ltd.,Aktie,USA,Energy,true,C,S&P SmallCap 600
2026.08.11-v1,LPLA,LPL Financial Holdings Inc.,Aktie,USA,Nasdaq Global Select,true,B,Nasdaq Global Select Market
2026.08.11-v1,LPSN,"LivePerson, Inc.",Aktie,USA,Nasdaq Global Select,true,B,Nasdaq Global Select Market
2026.08.11-v1,LPX,Louisiana-Pacific,Aktie,USA,Industrials,true,B,S&P MidCap 400
2026.08.11-v1,LQDA,Liquidia Corporation,Aktie,USA,Health Care,true,C,S&P SmallCap 600
2026.08.11-v1,LQDT,"Liquidity Services, Inc.",Aktie,USA,Industrials,true,C,Nasdaq Global Select Market; S&P SmallCap 600
2026.08.11-v1,LRCX,Lam Research,Aktie,USA,Halbleiter,true,A,Kuratiertes Prognoseuniversum; Nasdaq Global Select Market; S&P 500
2026.08.11-v1,LRN,"Stride, Inc.",Aktie,USA,Consumer Discretionary,true,C,S&P SmallCap 600
2026.08.11-v1,LSAK,"Lesaka Technologies, Inc.",Aktie,USA,Nasdaq Global Select,true,B,Nasdaq Global Select Market
2026.08.11-v1,LSCC,Lattice Semiconductor,Aktie,USA,Information Technology,true,B,Nasdaq Global Select Market; S&P MidCap 400
2026.08.11-v1,LSTR,Landstar System,Aktie,USA,Industrials,true,B,Nasdaq Global Select Market; S&P MidCap 400
2026.08.11-v1,LTC,"LTC Properties, Inc.",Aktie,USA,Real Estate,true,C,S&P SmallCap 600
2026.08.11-v1,LTGO,"Latigo Biotherapeutics, Inc.",Aktie,USA,Nasdaq Global Select,true,B,Nasdaq Global Select Market
2026.08.11-v1,LTH,"Life Time Group Holdings, Inc.",Aktie,USA,Consumer Discretionary,true,C,S&P SmallCap 600
2026.08.11-v1,LULU,Lululemon Athletica,Aktie,USA,Consumer Discretionary,true,A,Nasdaq Global Select Market; S&P 500
2026.08.11-v1,LUMN,Lumen Technologies,Aktie,USA,Communication Services,true,C,S&P SmallCap 600
2026.08.11-v1,LUNG,Pulmonx Corporation,Aktie,USA,Nasdaq Global Select,true,B,Nasdaq Global Select Market
2026.08.11-v1,LUV,Southwest Airlines,Aktie,USA,Industrials,true,A,S&P 500
2026.08.11-v1,LVS,Las Vegas Sands,Aktie,USA,Consumer Discretionary,true,A,S&P 500
2026.08.11-v1,LW,Lamb Weston,Aktie,USA,Consumer Staples,true,C,S&P SmallCap 600
2026.08.11-v1,LX,LexinFintech Holdings Ltd.,Aktie,USA,Nasdaq Global Select,true,B,Nasdaq Global Select Market
2026.08.11-v1,LXP,Lexington Realty Trust,Aktie,USA,Real Estate,true,C,S&P SmallCap 600
2026.08.11-v1,LYB,LyondellBasell,Aktie,USA,Materials,true,A,S&P 500
2026.08.11-v1,LYEL,"Lyell Immunopharma, Inc.",Aktie,USA,Nasdaq Global Select,true,B,Nasdaq Global Select Market
2026.08.11-v1,LYFT,"Lyft, Inc.",Aktie,USA,Industrials,true,C,Nasdaq Global Select Market; S&P SmallCap 600
2026.08.11-v1,LYTS,LSI Industries Inc.,Aktie,USA,Nasdaq Global Select,true,B,Nasdaq Global Select Market
2026.08.11-v1,LYV,Live Nation Entertainment,Aktie,USA,Communication Services,true,A,S&P 500
2026.08.11-v1,LZ,"LegalZoom.com, Inc.",Aktie,USA,Industrials,true,C,Nasdaq Global Select Market; S&P SmallCap 600
2026.08.11-v1,LZB,"La-Z-Boy, Inc.",Aktie,USA,Consumer Discretionary,true,C,S&P SmallCap 600
2026.08.11-v1,M,Macy's,Aktie,USA,Consumer Discretionary,true,B,S&P MidCap 400
2026.08.11-v1,MA,Mastercard,Aktie,USA,Finanzen,true,A,Kuratiertes Prognoseuniversum; S&P 500
2026.08.11-v1,MAA,Mid-America Apartment Communities,Aktie,USA,Real Estate,true,A,S&P 500
2026.08.11-v1,MAC,Macerich,Aktie,USA,Real Estate,true,C,S&P SmallCap 600
2026.08.11-v1,MAN,ManpowerGroup,Aktie,USA,Industrials,true,C,S&P SmallCap 600
2026.08.11-v1,MANH,Manhattan Associates,Aktie,USA,Information Technology,true,B,Nasdaq Global Select Market; S&P MidCap 400
2026.08.11-v1,MAR,Marriott International,Aktie,USA,Consumer Discretionary,true,A,Nasdaq Global Select Market; S&P 500
2026.08.11-v1,MARA,"MARA Holdings, Inc.",Aktie,USA,Information Technology,true,C,S&P SmallCap 600
2026.08.11-v1,MAS,Masco,Aktie,USA,Industrials,true,A,S&P 500
2026.08.11-v1,MAT,Mattel,Aktie,USA,Consumer Discretionary,true,B,Nasdaq Global Select Market; S&P MidCap 400
2026.08.11-v1,MATW,Matthews International Corporation,Aktie,USA,Consumer Discretionary,true,C,Nasdaq Global Select Market; S&P SmallCap 600
2026.08.11-v1,MATX,"Matson, Inc.",Aktie,USA,Industrials,true,C,S&P SmallCap 600
2026.08.11-v1,MBC,"MasterBrand, Inc.",Aktie,USA,Industrials,true,C,S&P SmallCap 600
2026.08.11-v1,MBGL,"Mobility Global, Inc.",Aktie,USA,Industrials,true,C,S&P SmallCap 600
2026.08.11-v1,MBIN,Merchants Bancorp,Aktie,USA,Financials,true,C,S&P SmallCap 600
2026.08.11-v1,MBLY,Mobileye Global Inc.,Aktie,USA,Nasdaq Global Select,true,B,Nasdaq Global Select Market
2026.08.11-v1,MBWM,Mercantile Bank Corporation,Aktie,USA,Nasdaq Global Select,true,B,Nasdaq Global Select Market
2026.08.11-v1,MBX,"MBX Biosciences, Inc.",Aktie,USA,Nasdaq Global Select,true,B,Nasdaq Global Select Market
2026.08.11-v1,MC,Moelis & Company,Aktie,USA,Financials,true,C,S&P SmallCap 600
2026.08.11-v1,MCBS,"MetroCity Bankshares, Inc.",Aktie,USA,Nasdaq Global Select,true,B,Nasdaq Global Select Market
2026.08.11-v1,MCD,McDonalds,Aktie,USA,Konsum,true,A,Kuratiertes Prognoseuniversum; S&P 500
2026.08.11-v1,MCHB,Mechanics Bancorp,Aktie,USA,Nasdaq Global Select,true,B,Nasdaq Global Select Market
2026.08.11-v1,MCHP,Microchip Technology,Aktie,USA,Information Technology,true,A,Nasdaq Global Select Market; S&P 500
2026.08.11-v1,MCHX,"Marchex, Inc.",Aktie,USA,Nasdaq Global Select,true,B,Nasdaq Global Select Market
2026.08.11-v1,MCK,McKesson Corporation,Aktie,USA,Health Care,true,A,S&P 500
2026.08.11-v1,MCO,Moody's Corporation,Aktie,USA,Financials,true,A,S&P 500
2026.08.11-v1,MCRB,"Seres Therapeutics, Inc.",Aktie,USA,Nasdaq Global Select,true,B,Nasdaq Global Select Market
2026.08.11-v1,MCRI,"Monarch Casino & Resort, Inc.",Aktie,USA,Consumer Discretionary,true,C,Nasdaq Global Select Market; S&P SmallCap 600
2026.08.11-v1,MCY,Mercury General,Aktie,USA,Financials,true,C,S&P SmallCap 600
2026.08.11-v1,MD,Pediatrix Medical Group,Aktie,USA,Health Care,true,C,S&P SmallCap 600
2026.08.11-v1,MDGL,"Madrigal Pharmaceuticals, Inc.",Aktie,USA,Nasdaq Global Select,true,B,Nasdaq Global Select Market
2026.08.11-v1,MDLN,Medline Inc.,Aktie,USA,Nasdaq Global Select,true,B,Nasdaq Global Select Market
2026.08.11-v1,MDLZ,Mondelez International,Aktie,USA,Consumer Staples,true,A,Nasdaq Global Select Market; S&P 500
2026.08.11-v1,MDT,Medtronic,Aktie,USA,Gesundheit,true,A,Kuratiertes Prognoseuniversum; S&P 500
2026.08.11-v1,MDU,"MDU Resources Group, Inc.",Aktie,USA,Utilities,true,C,S&P SmallCap 600
2026.08.11-v1,MEDP,Medpace,Aktie,USA,Health Care,true,B,Nasdaq Global Select Market; S&P MidCap 400
2026.08.11-v1,MELI,"MercadoLibre, Inc.",Aktie,USA,Nasdaq Global Select,true,B,Nasdaq Global Select Market
2026.08.11-v1,MEOH,Methanex Corporation,Aktie,USA,Nasdaq Global Select,true,B,Nasdaq Global Select Market
2026.08.11-v1,MESO,Mesoblast Limited,Aktie,USA,Nasdaq Global Select,true,B,Nasdaq Global Select Market
2026.08.11-v1,MET,MetLife,Aktie,USA,Financials,true,A,S&P 500
2026.08.11-v1,META,Meta Platforms,Aktie,USA,Technologie,true,A,Kuratiertes Prognoseuniversum; Nasdaq Global Select Market; S&P 500
2026.08.11-v1,METC,"Ramaco Resources, Inc.",Aktie,USA,Nasdaq Global Select,true,B,Nasdaq Global Select Market
2026.08.11-v1,METCB,"Ramaco Resources, Inc.",Aktie,USA,Nasdaq Global Select,true,B,Nasdaq Global Select Market
2026.08.11-v1,MFIC,MidCap Financial Investment Corporation,Aktie,USA,Nasdaq Global Select,true,B,Nasdaq Global Select Market
2026.08.11-v1,MFIN,Medallion Financial Corp.,Aktie,USA,Nasdaq Global Select,true,B,Nasdaq Global Select Market
2026.08.11-v1,MFP,"Midera Food Processing, Inc.",Aktie,USA,Industrials,true,C,Nasdaq Global Select Market; S&P SmallCap 600
2026.08.11-v1,MGEE,"MGE Energy, Inc.",Aktie,USA,Utilities,true,C,Nasdaq Global Select Market; S&P SmallCap 600
2026.08.11-v1,MGM,MGM Resorts,Aktie,USA,Consumer Discretionary,true,A,S&P 500
2026.08.11-v1,MGNI,"Magnite, Inc.",Aktie,USA,Nasdaq Global Select,true,B,Nasdaq Global Select Market
2026.08.11-v1,MGNX,"MacroGenics, Inc.",Aktie,USA,Nasdaq Global Select,true,B,Nasdaq Global Select Market
2026.08.11-v1,MGPI,"MGP Ingredients, Inc.",Aktie,USA,Nasdaq Global Select,true,B,Nasdaq Global Select Market
2026.08.11-v1,MGRC,McGrath RentCorp,Aktie,USA,Nasdaq Global Select,true,B,Nasdaq Global Select Market
2026.08.11-v1,MGTX,MeiraGTx Holdings plc,Aktie,USA,Nasdaq Global Select,true,B,Nasdaq Global Select Market
2026.08.11-v1,MGX,"Metagenomi Therapeutics, Inc.",Aktie,USA,Nasdaq Global Select,true,B,Nasdaq Global Select Market
2026.08.11-v1,MGY,"Magnolia Oil & Gas, Corp.",Aktie,USA,Energy,true,C,S&P SmallCap 600
2026.08.11-v1,MHK,Mohawk Industries,Aktie,USA,Consumer Discretionary,true,C,S&P SmallCap 600
2026.08.11-v1,MHO,"M/I Homes, Inc.",Aktie,USA,Consumer Discretionary,true,C,S&P SmallCap 600
2026.08.11-v1,MIDD,Middleby,Aktie,USA,Industrials,true,B,Nasdaq Global Select Market; S&P MidCap 400
2026.08.11-v1,MIR,"Mirion Technologies, Inc.",Aktie,USA,Information Technology,true,C,S&P SmallCap 600
2026.08.11-v1,MIST,Milestone Pharmaceuticals Inc.,Aktie,USA,Nasdaq Global Select,true,B,Nasdaq Global Select Market
2026.08.11-v1,MKC,McCormick & Company,Aktie,USA,Consumer Staples,true,A,S&P 500
2026.08.11-v1,MKSI,MKS Instruments,Aktie,USA,Information Technology,true,B,Nasdaq Global Select Market; S&P MidCap 400
2026.08.11-v1,MKTX,MarketAxess,Aktie,USA,Financials,true,C,Nasdaq Global Select Market; S&P SmallCap 600
2026.08.11-v1,MLAB,"Mesa Laboratories, Inc.",Aktie,USA,Nasdaq Global Select,true,B,Nasdaq Global Select Market
2026.08.11-v1,MLCO,Melco Resorts & Entertainment Limited,Aktie,USA,Nasdaq Global Select,true,B,Nasdaq Global Select Market
2026.08.11-v1,MLI,Mueller Industries,Aktie,USA,Industrials,true,B,S&P MidCap 400
2026.08.11-v1,MLKN,"MillerKnoll, Inc.",Aktie,USA,Industrials,true,C,Nasdaq Global Select Market; S&P SmallCap 600
2026.08.11-v1,MLM,Martin Marietta Materials,Aktie,USA,Materials,true,A,S&P 500
2026.08.11-v1,MLYS,"Mineralys Therapeutics, Inc.",Aktie,USA,Nasdaq Global Select,true,B,Nasdaq Global Select Market
2026.08.11-v1,MMED,"MiniMed Group, Inc.",Aktie,USA,Nasdaq Global Select,true,B,Nasdaq Global Select Market
2026.08.11-v1,MMI,"Marcus & Millichap, Inc.",Aktie,USA,Real Estate,true,C,S&P SmallCap 600
2026.08.11-v1,MMM,3M,Aktie,USA,Industrials,true,A,S&P 500
2026.08.11-v1,MMS,Maximus Inc.,Aktie,USA,Industrials,true,B,S&P MidCap 400
2026.08.11-v1,MMSI,"Merit Medical Systems, Inc.",Aktie,USA,Health Care,true,C,Nasdaq Global Select Market; S&P SmallCap 600
2026.08.11-v1,MMYT,MakeMyTrip Limited,Aktie,USA,Nasdaq Global Select,true,B,Nasdaq Global Select Market
2026.08.11-v1,MNDY,monday.com Ltd.,Aktie,USA,Nasdaq Global Select,true,B,Nasdaq Global Select Market
2026.08.11-v1,MNRO,"Monro, Inc.",Aktie,USA,Nasdaq Global Select,true,B,Nasdaq Global Select Market
2026.08.11-v1,MNST,Monster Beverage,Aktie,USA,Consumer Staples,true,A,Nasdaq Global Select Market; S&P 500
2026.08.11-v1,MO,Altria,Aktie,USA,Konsum,true,A,Kuratiertes Prognoseuniversum; S&P 500
2026.08.11-v1,MOBI,"Mobia Medical, Inc.",Aktie,USA,Nasdaq Global Select,true,B,Nasdaq Global Select Market
2026.08.11-v1,MOG-A,Moog Inc.,Aktie,USA,Industrials,true,B,S&P MidCap 400
2026.08.11-v1,MOH,Molina Healthcare,Aktie,USA,Health Care,true,B,S&P MidCap 400
2026.08.11-v1,MOLN,Molecular Partners AG,Aktie,USA,Nasdaq Global Select,true,B,Nasdaq Global Select Market
2026.08.11-v1,MOMO,Hello Group Inc.,Aktie,USA,Nasdaq Global Select,true,B,Nasdaq Global Select Market
2026.08.11-v1,MORN,"Morningstar, Inc.",Aktie,USA,Financials,true,B,Nasdaq Global Select Market; S&P MidCap 400
2026.08.11-v1,MOS,Mosaic Company (The),Aktie,USA,Materials,true,A,S&P 500
2026.08.11-v1,MP,MP Materials,Aktie,USA,Materials,true,B,S&P MidCap 400
2026.08.11-v1,MPAA,"Motorcar Parts of America, Inc.",Aktie,USA,Nasdaq Global Select,true,B,Nasdaq Global Select Market
2026.08.11-v1,MPC,Marathon Petroleum,Aktie,USA,Energy,true,A,S&P 500
2026.08.11-v1,MPLT,"MapLight Therapeutics, Inc.",Aktie,USA,Nasdaq Global Select,true,B,Nasdaq Global Select Market
2026.08.11-v1,MPT,Medical Properties Trust,Aktie,USA,Real Estate,true,C,S&P SmallCap 600
2026.08.11-v1,MPWR,Monolithic Power Systems,Aktie,USA,Information Technology,true,A,Nasdaq Global Select Market; S&P 500
2026.08.11-v1,MQ,"Marqeta, Inc.",Aktie,USA,Nasdaq Global Select,true,B,Nasdaq Global Select Market
2026.08.11-v1,MRBK,Meridian Corporation,Aktie,USA,Nasdaq Global Select,true,B,Nasdaq Global Select Market
2026.08.11-v1,MRCY,Mercury Systems,Aktie,USA,Industrials,true,C,Nasdaq Global Select Market; S&P SmallCap 600
2026.08.11-v1,MRK,Merck and Co,Aktie,USA,Gesundheit,true,A,Kuratiertes Prognoseuniversum; S&P 500
2026.08.11-v1,MRNA,Moderna,Aktie,USA,Health Care,true,A,Nasdaq Global Select Market; S&P 500
2026.08.11-v1,MRP,"Millrose Properties, Inc.",Aktie,USA,Real Estate,true,C,S&P SmallCap 600
2026.08.11-v1,MRSH,Marsh McLennan,Aktie,USA,Financials,true,A,S&P 500
2026.08.11-v1,MRTN,"Marten Transport, Ltd.",Aktie,USA,Industrials,true,C,Nasdaq Global Select Market; S&P SmallCap 600
2026.08.11-v1,MRVI,"Maravai LifeSciences Holdings, Inc.",Aktie,USA,Nasdaq Global Select,true,B,Nasdaq Global Select Market
2026.08.11-v1,MRVL,Marvell Technology,Aktie,USA,Information Technology,true,A,Nasdaq Global Select Market; S&P 500
2026.08.11-v1,MRX,Marex Group Limited,Aktie,USA,Nasdaq Global Select,true,B,Nasdaq Global Select Market
2026.08.11-v1,MS,Morgan Stanley,Aktie,USA,Finanzen,true,A,Kuratiertes Prognoseuniversum; S&P 500
2026.08.11-v1,MSA,MSA Safety,Aktie,USA,Industrials,true,B,S&P MidCap 400
2026.08.11-v1,MSBI,"Midland States Bancorp, Inc.",Aktie,USA,Nasdaq Global Select,true,B,Nasdaq Global Select Market
2026.08.11-v1,MSCI,MSCI Inc.,Aktie,USA,Financials,true,A,S&P 500
2026.08.11-v1,MSEX,Middlesex Water Company,Aktie,USA,Utilities,true,C,Nasdaq Global Select Market; S&P SmallCap 600
2026.08.11-v1,MSFT,Microsoft,Aktie,USA,Technologie,true,A,Kuratiertes Prognoseuniversum; Nasdaq Global Select Market; S&P 500
2026.08.11-v1,MSGS,Madison Square Garden Sports Corp.,Aktie,USA,Communication Services,true,C,S&P SmallCap 600
2026.08.11-v1,MSI,Motorola Solutions,Aktie,USA,Information Technology,true,A,S&P 500
2026.08.11-v1,MSM,MSC Industrial Direct,Aktie,USA,Industrials,true,B,S&P MidCap 400
2026.08.11-v1,MSTR,Strategy Inc,Aktie,USA,Nasdaq Global Select,true,B,Nasdaq Global Select Market
2026.08.11-v1,MTB,M&T Bank,Aktie,USA,Financials,true,A,S&P 500
2026.08.11-v1,MTCH,Match Group,Aktie,USA,Communication Services,true,C,Nasdaq Global Select Market; S&P SmallCap 600
2026.08.11-v1,MTD,Mettler Toledo,Aktie,USA,Health Care,true,A,S&P 500
2026.08.11-v1,MTDR,Matador Resources,Aktie,USA,Energy,true,B,S&P MidCap 400
2026.08.11-v1,MTG,MGIC Investment Corporation,Aktie,USA,Financials,true,B,S&P MidCap 400
2026.08.11-v1,MTH,Meritage Homes Corporation,Aktie,USA,Consumer Discretionary,true,C,S&P SmallCap 600
2026.08.11-v1,MTLS,Materialise NV,Aktie,USA,Nasdaq Global Select,true,B,Nasdaq Global Select Market
2026.08.11-v1,MTN,Vail Resorts,Aktie,USA,Consumer Discretionary,true,B,S&P MidCap 400
2026.08.11-v1,MTRN,Materion Corp.,Aktie,USA,Materials,true,C,S&P SmallCap 600
2026.08.11-v1,MTRX,Matrix Service Company,Aktie,USA,Nasdaq Global Select,true,B,Nasdaq Global Select Market
2026.08.11-v1,MTSI,MACOM Technology Solutions,Aktie,USA,Information Technology,true,B,Nasdaq Global Select Market; S&P MidCap 400
2026.08.11-v1,MTUS,Metallus Inc,Aktie,USA,Materials,true,C,S&P SmallCap 600
2026.08.11-v1,MTX,Minerals Technologies,Aktie,USA,Materials,true,C,S&P SmallCap 600
2026.08.11-v1,MTZ,MasTec,Aktie,USA,Industrials,true,B,S&P MidCap 400
2026.08.11-v1,MU,Micron Technology,Aktie,USA,Halbleiter,true,A,Kuratiertes Prognoseuniversum; Nasdaq Global Select Market; S&P 500
2026.08.11-v1,MUR,Murphy Oil,Aktie,USA,Energy,true,B,S&P MidCap 400
2026.08.11-v1,MUSA,Murphy USA,Aktie,USA,Consumer Discretionary,true,B,S&P MidCap 400
2026.08.11-v1,MWA,Mueller Water Products,Aktie,USA,Industrials,true,C,S&P SmallCap 600
2026.08.11-v1,MWH,"SOLV Energy, Inc.",Aktie,USA,Nasdaq Global Select,true,B,Nasdaq Global Select Market
2026.08.11-v1,MXCT,"MaxCyte, Inc.",Aktie,USA,Nasdaq Global Select,true,B,Nasdaq Global Select Market
2026.08.11-v1,MXL,"MaxLinear, Inc.",Aktie,USA,Information Technology,true,C,Nasdaq Global Select Market; S&P SmallCap 600
2026.08.11-v1,MYFW,"First Western Financial, Inc.",Aktie,USA,Nasdaq Global Select,true,B,Nasdaq Global Select Market
2026.08.11-v1,MYGN,"Myriad Genetics, Inc.",Aktie,USA,Nasdaq Global Select,true,B,Nasdaq Global Select Market
2026.08.11-v1,MYRG,"MYR Group, Inc.",Aktie,USA,Industrials,true,C,Nasdaq Global Select Market; S&P SmallCap 600
2026.08.11-v1,MZTI,The Marzetti Company,Aktie,USA,Consumer Staples,true,B,Nasdaq Global Select Market; S&P MidCap 400
2026.08.11-v1,NABL,"N-able, Inc.",Aktie,USA,Information Technology,true,C,S&P SmallCap 600
2026.08.11-v1,NATH,"Nathan's Famous, Inc.",Aktie,USA,Nasdaq Global Select,true,B,Nasdaq Global Select Market
2026.08.11-v1,NATL,NCR Atleos,Aktie,USA,Financials,true,C,S&P SmallCap 600
2026.08.11-v1,NAVI,Navient,Aktie,USA,Financials,true,C,Nasdaq Global Select Market; S&P SmallCap 600
2026.08.11-v1,NAVN,"Navan, Inc.",Aktie,USA,Nasdaq Global Select,true,B,Nasdaq Global Select Market
2026.08.11-v1,NBHC,National Bank Holdings Corporation,Aktie,USA,Financials,true,C,S&P SmallCap 600
2026.08.11-v1,NBIS,Nebius Group N.V.,Aktie,USA,Nasdaq Global Select,true,B,Nasdaq Global Select Market
2026.08.11-v1,NBIX,Neurocrine Biosciences,Aktie,USA,Health Care,true,B,Nasdaq Global Select Market; S&P MidCap 400
2026.08.11-v1,NBTB,"NBT Bancorp, Inc.",Aktie,USA,Financials,true,C,Nasdaq Global Select Market; S&P SmallCap 600
2026.08.11-v1,NBTX,Nanobiotix S.A.,Aktie,USA,Nasdaq Global Select,true,B,Nasdaq Global Select Market
2026.08.11-v1,NCLH,Norwegian Cruise Line Holdings,Aktie,USA,Consumer Discretionary,true,A,S&P 500
2026.08.11-v1,NCMI,"National CineMedia, Inc.",Aktie,USA,Nasdaq Global Select,true,B,Nasdaq Global Select Market
2026.08.11-v1,NCNO,"nCino, Inc.",Aktie,USA,Nasdaq Global Select,true,B,Nasdaq Global Select Market
2026.08.11-v1,NDAQ,"Nasdaq, Inc.",Aktie,USA,Financials,true,A,Nasdaq Global Select Market; S&P 500
2026.08.11-v1,NDLS,Noodles & Company,Aktie,USA,Nasdaq Global Select,true,B,Nasdaq Global Select Market
2026.08.11-v1,NDSN,Nordson Corporation,Aktie,USA,Industrials,true,A,Nasdaq Global Select Market; S&P 500
2026.08.11-v1,NE,Noble Corporation,Aktie,USA,Energy,true,C,S&P SmallCap 600
2026.08.11-v1,NEE,NextEra Energy,Aktie,USA,Versorger,true,A,Kuratiertes Prognoseuniversum; S&P 500
2026.08.11-v1,NEM,Newmont,Aktie,USA,Materials,true,A,S&P 500
2026.08.11-v1,NEO,"NeoGenomics Laboratories, Inc.",Aktie,USA,Health Care,true,C,S&P SmallCap 600
2026.08.11-v1,NEOG,Neogen,Aktie,USA,Health Care,true,C,Nasdaq Global Select Market; S&P SmallCap 600
2026.08.11-v1,NET,Cloudflare,Aktie,USA,Software,true,B,Kuratiertes Prognoseuniversum
2026.08.11-v1,NEU,NewMarket Corporation,Aktie,USA,Materials,true,B,S&P MidCap 400
2026.08.11-v1,NFG,National Fuel Gas,Aktie,USA,Utilities,true,B,S&P MidCap 400
2026.08.11-v1,NFLX,Netflix,Aktie,USA,Medien,true,A,Kuratiertes Prognoseuniversum; Nasdaq Global Select Market; S&P 500
2026.08.11-v1,NGVT,"Ingevity, Corp.",Aktie,USA,Materials,true,C,S&P SmallCap 600
2026.08.11-v1,NHC,"National Healthcare, Corp.",Aktie,USA,Health Care,true,C,S&P SmallCap 600
2026.08.11-v1,NHI,"National Health Investors, Inc.",Aktie,USA,Real Estate,true,C,S&P SmallCap 600
2026.08.11-v1,NI,NiSource,Aktie,USA,Utilities,true,A,S&P 500
2026.08.11-v1,NIC,Nicolet Bankshares,Aktie,USA,Financials,true,C,S&P SmallCap 600
2026.08.11-v1,NICE,NICE Ltd,Aktie,USA,Nasdaq Global Select,true,B,Nasdaq Global Select Market
2026.08.11-v1,NJR,New Jersey Resources,Aktie,USA,Utilities,true,B,S&P MidCap 400
2026.08.11-v1,NKE,Nike,Aktie,USA,Konsum,true,A,Kuratiertes Prognoseuniversum; S&P 500
2026.08.11-v1,NKTX,"Nkarta, Inc.",Aktie,USA,Nasdaq Global Select,true,B,Nasdaq Global Select Market
2026.08.11-v1,NLY,Annaly Capital Management,Aktie,USA,Financials,true,B,S&P MidCap 400
2026.08.11-v1,NMFC,New Mountain Finance Corporation,Aktie,USA,Nasdaq Global Select,true,B,Nasdaq Global Select Market
2026.08.11-v1,NMIH,"NMI Holdings, Inc.",Aktie,USA,Financials,true,C,S&P SmallCap 600
2026.08.11-v1,NMRA,"Neumora Therapeutics, Inc.",Aktie,USA,Nasdaq Global Select,true,B,Nasdaq Global Select Market
2026.08.11-v1,NMRK,"Newmark Group, Inc.",Aktie,USA,Nasdaq Global Select,true,B,Nasdaq Global Select Market
2026.08.11-v1,NNBR,"NN, Inc.",Aktie,USA,Nasdaq Global Select,true,B,Nasdaq Global Select Market
2026.08.11-v1,NNN,NNN Reit,Aktie,USA,Real Estate,true,B,S&P MidCap 400
2026.08.11-v1,NOC,Northrop Grumman,Aktie,USA,Luftfahrt,true,A,Kuratiertes Prognoseuniversum; S&P 500
2026.08.11-v1,NOG,"Northern Oil and Gas, Inc.",Aktie,USA,Energy,true,C,S&P SmallCap 600
2026.08.11-v1,NOV,NOV Inc.,Aktie,USA,Energy,true,B,S&P MidCap 400
2026.08.11-v1,NOVT,Novanta,Aktie,USA,Information Technology,true,B,Nasdaq Global Select Market; S&P MidCap 400
2026.08.11-v1,NOW,ServiceNow,Aktie,USA,Software,true,A,Kuratiertes Prognoseuniversum; S&P 500
2026.08.11-v1,NPK,"National Presto Industries, Inc.",Aktie,USA,Industrials,true,C,S&P SmallCap 600
2026.08.11-v1,NPO,"EnPro Industries, Inc.",Aktie,USA,Industrials,true,C,S&P SmallCap 600
2026.08.11-v1,NRC,NRC Health,Aktie,USA,Nasdaq Global Select,true,B,Nasdaq Global Select Market
2026.08.11-v1,NRG,NRG Energy,Aktie,USA,Utilities,true,A,S&P 500
2026.08.11-v1,NRIM,Northrim BanCorp Inc,Aktie,USA,Nasdaq Global Select,true,B,Nasdaq Global Select Market
2026.08.11-v1,NSC,Norfolk Southern,Aktie,USA,Industrials,true,A,S&P 500
2026.08.11-v1,NSIT,"Insight Enterprises, Inc.",Aktie,USA,Industrials,true,C,Nasdaq Global Select Market; S&P SmallCap 600
2026.08.11-v1,NSLR,Neostellar Capital Corp.,Aktie,USA,Nasdaq Global Select,true,B,Nasdaq Global Select Market
2026.08.11-v1,NSP,Insperity,Aktie,USA,Industrials,true,C,S&P SmallCap 600
2026.08.11-v1,NSSC,Napco Security Technologies,Aktie,USA,Information Technology,true,C,Nasdaq Global Select Market; S&P SmallCap 600
2026.08.11-v1,NTAP,NetApp,Aktie,USA,Information Technology,true,A,Nasdaq Global Select Market; S&P 500
2026.08.11-v1,NTCT,"NETSCOUT Systems, Inc.",Aktie,USA,Information Technology,true,C,Nasdaq Global Select Market; S&P SmallCap 600
2026.08.11-v1,NTES,"NetEase, Inc.",Aktie,USA,Nasdaq Global Select,true,B,Nasdaq Global Select Market
2026.08.11-v1,NTGR,"NETGEAR, Inc.",Aktie,USA,Nasdaq Global Select,true,B,Nasdaq Global Select Market
2026.08.11-v1,NTNX,Nutanix,Aktie,USA,Information Technology,true,B,Nasdaq Global Select Market; S&P MidCap 400
2026.08.11-v1,NTRA,"Natera, Inc.",Aktie,USA,Nasdaq Global Select,true,B,Nasdaq Global Select Market
2026.08.11-v1,NTRS,Northern Trust,Aktie,USA,Financials,true,A,Nasdaq Global Select Market; S&P 500
2026.08.11-v1,NTSK,"Netskope, Inc.",Aktie,USA,Nasdaq Global Select,true,B,Nasdaq Global Select Market
2026.08.11-v1,NTST,NETSTREIT Corp.,Aktie,USA,Real Estate,true,C,S&P SmallCap 600
2026.08.11-v1,NUE,Nucor,Aktie,USA,Materials,true,A,S&P 500
2026.08.11-v1,NVAX,"Novavax, Inc.",Aktie,USA,Nasdaq Global Select,true,B,Nasdaq Global Select Market
2026.08.11-v1,NVCR,NovoCure Limited,Aktie,USA,Nasdaq Global Select,true,B,Nasdaq Global Select Market
2026.08.11-v1,NVDA,NVIDIA,Aktie,USA,Halbleiter,true,A,Kuratiertes Prognoseuniversum; Nasdaq Global Select Market; S&P 500
2026.08.11-v1,NVMI,Nova Ltd.,Aktie,USA,Nasdaq Global Select,true,B,Nasdaq Global Select Market
2026.08.11-v1,NVR,"NVR, Inc.",Aktie,USA,Consumer Discretionary,true,A,S&P 500
2026.08.11-v1,NVST,Envista Holdings,Aktie,USA,Health Care,true,B,S&P MidCap 400
2026.08.11-v1,NVT,nVent Electric plc,Aktie,USA,Industrials,true,B,S&P MidCap 400
2026.08.11-v1,NWBI,"Northwest Bancshares, Inc.",Aktie,USA,Financials,true,C,Nasdaq Global Select Market; S&P SmallCap 600
2026.08.11-v1,NWE,NorthWestern Energy,Aktie,USA,Utilities,true,B,Nasdaq Global Select Market; S&P MidCap 400
2026.08.11-v1,NWL,Newell Brands,Aktie,USA,Consumer Discretionary,true,C,Nasdaq Global Select Market; S&P SmallCap 600
2026.08.11-v1,NWN,NW Natural,Aktie,USA,Utilities,true,C,S&P SmallCap 600
2026.08.11-v1,NWPX,"NWPX Infrastructure, Inc.",Aktie,USA,Nasdaq Global Select,true,B,Nasdaq Global Select Market
2026.08.11-v1,NWS,News Corp (Class B),Aktie,USA,Communication Services,true,A,Nasdaq Global Select Market; S&P 500
2026.08.11-v1,NWSA,News Corp (Class A),Aktie,USA,Communication Services,true,A,Nasdaq Global Select Market; S&P 500
2026.08.11-v1,NX,Quanex Building Products Corporation,Aktie,USA,Industrials,true,C,S&P SmallCap 600
2026.08.11-v1,NXPI,NXP Semiconductors,Aktie,USA,Information Technology,true,A,Nasdaq Global Select Market; S&P 500
2026.08.11-v1,NXRT,"NexPoint Residential Trust, Inc.",Aktie,USA,Real Estate,true,C,S&P SmallCap 600
2026.08.11-v1,NXST,Nexstar Media Group,Aktie,USA,Communication Services,true,B,Nasdaq Global Select Market; S&P MidCap 400
2026.08.11-v1,NXT,Nextpower,Aktie,USA,Industrials,true,B,Nasdaq Global Select Market; S&P MidCap 400
2026.08.11-v1,NXTC,"NextCure, Inc.",Aktie,USA,Nasdaq Global Select,true,B,Nasdaq Global Select Market
2026.08.11-v1,NYAX,Nayax Ltd.,Aktie,USA,Nasdaq Global Select,true,B,Nasdaq Global Select Market
2026.08.11-v1,NYT,New York Times Company,Aktie,USA,Communication Services,true,B,S&P MidCap 400
2026.08.11-v1,O,Realty Income,Aktie,USA,Real Estate,true,A,S&P 500
2026.08.11-v1,OC,Owens Corning,Aktie,USA,Industrials,true,B,S&P MidCap 400
2026.08.11-v1,OCFC,OceanFirst Financial Corp.,Aktie,USA,Nasdaq Global Select,true,B,Nasdaq Global Select Market
2026.08.11-v1,OCSL,Oaktree Specialty Lending Corporation,Aktie,USA,Nasdaq Global Select,true,B,Nasdaq Global Select Market
2026.08.11-v1,OCTV,Octave Intelligence plc,Aktie,USA,Nasdaq Global Select,true,B,Nasdaq Global Select Market
2026.08.11-v1,ODFL,Old Dominion,Aktie,USA,Industrials,true,A,Nasdaq Global Select Market; S&P 500
2026.08.11-v1,OFG,OFG Bancorp,Aktie,USA,Financials,true,C,S&P SmallCap 600
2026.08.11-v1,OFIX,Orthofix Medical Inc.,Aktie,USA,Nasdaq Global Select,true,B,Nasdaq Global Select Market
2026.08.11-v1,OFS,OFS Capital Corporation,Aktie,USA,Nasdaq Global Select,true,B,Nasdaq Global Select Market
2026.08.11-v1,OGE,OGE Energy,Aktie,USA,Utilities,true,B,S&P MidCap 400
2026.08.11-v1,OGI,Organigram Global Inc.,Aktie,USA,Nasdaq Global Select,true,B,Nasdaq Global Select Market
2026.08.11-v1,OGN,Organon & Co.,Aktie,USA,Health Care,true,C,S&P SmallCap 600
2026.08.11-v1,OGS,One Gas,Aktie,USA,Utilities,true,B,S&P MidCap 400
2026.08.11-v1,OHI,Omega Healthcare Investors,Aktie,USA,Real Estate,true,B,S&P MidCap 400
2026.08.11-v1,OI,"O-I Glass, Inc.",Aktie,USA,Materials,true,C,S&P SmallCap 600
2026.08.11-v1,OII,"Oceaneering International, Inc.",Aktie,USA,Energy,true,C,S&P SmallCap 600
2026.08.11-v1,OKE,Oneok,Aktie,USA,Energy,true,A,S&P 500
2026.08.11-v1,OKTA,"Okta, Inc.",Aktie,USA,Information Technology,true,B,Nasdaq Global Select Market; S&P MidCap 400
2026.08.11-v1,OLED,Universal Display,Aktie,USA,Information Technology,true,B,Nasdaq Global Select Market; S&P MidCap 400
2026.08.11-v1,OLLI,Ollie's Bargain Outlet,Aktie,USA,Consumer Discretionary,true,B,S&P MidCap 400
2026.08.11-v1,OLMA,"Olema Pharmaceuticals, Inc.",Aktie,USA,Nasdaq Global Select,true,B,Nasdaq Global Select Market
2026.08.11-v1,OLN,Olin Corporation,Aktie,USA,Materials,true,B,S&P MidCap 400
2026.08.11-v1,OM,"Outset Medical, Inc.",Aktie,USA,Nasdaq Global Select,true,B,Nasdaq Global Select Market
2026.08.11-v1,OMAB,Grupo Aeroportuario del Centro Norte S.A.B. de C.V.,Aktie,USA,Nasdaq Global Select,true,B,Nasdaq Global Select Market
2026.08.11-v1,OMC,Omnicom Group,Aktie,USA,Communication Services,true,A,S&P 500
2026.08.11-v1,OMCL,Omnicell,Aktie,USA,Health Care,true,C,Nasdaq Global Select Market; S&P SmallCap 600
2026.08.11-v1,OMDA,"Omada Health, Inc.",Aktie,USA,Nasdaq Global Select,true,B,Nasdaq Global Select Market
2026.08.11-v1,ON,ON Semiconductor,Aktie,USA,Information Technology,true,A,Nasdaq Global Select Market; S&P 500
2026.08.11-v1,ONB,Old National Bank,Aktie,USA,Financials,true,B,Nasdaq Global Select Market; S&P MidCap 400
2026.08.11-v1,ONC,BeOne Medicines Ltd.,Aktie,USA,Nasdaq Global Select,true,B,Nasdaq Global Select Market
2026.08.11-v1,ONTO,Onto Innovation,Aktie,USA,Information Technology,true,B,S&P MidCap 400
2026.08.11-v1,OPCH,Option Care Health,Aktie,USA,Health Care,true,B,Nasdaq Global Select Market; S&P MidCap 400
2026.08.11-v1,OPEN,Opendoor Technologies Inc,Aktie,USA,Nasdaq Global Select,true,B,Nasdaq Global Select Market
2026.08.11-v1,OPK,"Opko Health, Inc.",Aktie,USA,Nasdaq Global Select,true,B,Nasdaq Global Select Market
2026.08.11-v1,OPLN,"OPENLANE, Inc.",Aktie,USA,Industrials,true,C,S&P SmallCap 600
2026.08.11-v1,OPRA,Opera Limited,Aktie,USA,Nasdaq Global Select,true,B,Nasdaq Global Select Market
2026.08.11-v1,OPRT,Oportun Financial Corporation,Aktie,USA,Nasdaq Global Select,true,B,Nasdaq Global Select Market
2026.08.11-v1,ORA,Ormat Technologies,Aktie,USA,Utilities,true,B,S&P MidCap 400
2026.08.11-v1,ORCL,Oracle,Aktie,USA,Software,true,A,Kuratiertes Prognoseuniversum; S&P 500
2026.08.11-v1,ORI,Old Republic International,Aktie,USA,Financials,true,B,S&P MidCap 400
2026.08.11-v1,ORIC,"Oric Pharmaceuticals, Inc.",Aktie,USA,Nasdaq Global Select,true,B,Nasdaq Global Select Market
2026.08.11-v1,ORLY,O’Reilly Automotive,Aktie,USA,Consumer Discretionary,true,A,Nasdaq Global Select Market; S&P 500
2026.08.11-v1,OSBC,"Old Second Bancorp, Inc.",Aktie,USA,Nasdaq Global Select,true,B,Nasdaq Global Select Market
2026.08.11-v1,OSIS,"OSI Systems, Inc.",Aktie,USA,Information Technology,true,C,Nasdaq Global Select Market; S&P SmallCap 600
2026.08.11-v1,OSK,Oshkosh,Aktie,USA,Industrials,true,B,S&P MidCap 400
2026.08.11-v1,OSUR,"OraSure Technologies, Inc.",Aktie,USA,Nasdaq Global Select,true,B,Nasdaq Global Select Market
2026.08.11-v1,OSW,OneSpaWorld Holdings Limited,Aktie,USA,Consumer Discretionary,true,C,S&P SmallCap 600
2026.08.11-v1,OTEX,Open Text Corporation,Aktie,USA,Nasdaq Global Select,true,B,Nasdaq Global Select Market
2026.08.11-v1,OTIS,Otis Worldwide,Aktie,USA,Industrials,true,A,S&P 500
2026.08.11-v1,OTLY,Oatly Group AB,Aktie,USA,Nasdaq Global Select,true,B,Nasdaq Global Select Market
2026.08.11-v1,OTTR,Otter Tail Corporation,Aktie,USA,Utilities,true,C,Nasdaq Global Select Market; S&P SmallCap 600
2026.08.11-v1,OUST,"Ouster, Inc.",Aktie,USA,Nasdaq Global Select,true,B,Nasdaq Global Select Market
2026.08.11-v1,OUT,Outfront Media,Aktie,USA,Real Estate,true,C,S&P SmallCap 600
2026.08.11-v1,OVV,Ovintiv,Aktie,USA,Energy,true,B,S&P MidCap 400
2026.08.11-v1,OXLC,Oxford Lane Capital Corp.,Aktie,USA,Nasdaq Global Select,true,B,Nasdaq Global Select Market
2026.08.11-v1,OXSQ,Oxford Square Capital Corp.,Aktie,USA,Nasdaq Global Select,true,B,Nasdaq Global Select Market
2026.08.11-v1,OXY,Occidental Petroleum,Aktie,USA,Energie,true,A,Kuratiertes Prognoseuniversum; S&P 500
2026.08.11-v1,OZK,Bank OZK,Aktie,USA,Financials,true,B,Nasdaq Global Select Market; S&P MidCap 400
2026.08.11-v1,P,Everpure,Aktie,USA,Information Technology,true,B,S&P MidCap 400
2026.08.11-v1,PACB,"Pacific Biosciences of California, Inc.",Aktie,USA,Nasdaq Global Select,true,B,Nasdaq Global Select Market
2026.08.11-v1,PAG,Penske Automotive Group,Aktie,USA,Consumer Discretionary,true,B,S&P MidCap 400
2026.08.11-v1,PAGP,"Plains GP Holdings, L.P.",Aktie,USA,Nasdaq Global Select,true,B,Nasdaq Global Select Market
2026.08.11-v1,PAHC,Phibro Animal Health,Aktie,USA,Health Care,true,C,S&P SmallCap 600
2026.08.11-v1,PAL,"Proficient Auto Logistics, Inc.",Aktie,USA,Nasdaq Global Select,true,B,Nasdaq Global Select Market
2026.08.11-v1,PANW,Palo Alto Networks,Aktie,USA,Cybersicherheit,true,A,Kuratiertes Prognoseuniversum; Nasdaq Global Select Market; S&P 500
2026.08.11-v1,PARR,"Par Pacific Holdings, Inc.",Aktie,USA,Energy,true,C,S&P SmallCap 600
2026.08.11-v1,PATH,UiPath,Aktie,USA,Information Technology,true,B,S&P MidCap 400
2026.08.11-v1,PATK,"Patrick Industries, Inc.",Aktie,USA,Consumer Discretionary,true,C,Nasdaq Global Select Market; S&P SmallCap 600
2026.08.11-v1,PAX,Patria Investments Limited,Aktie,USA,Nasdaq Global Select,true,B,Nasdaq Global Select Market
2026.08.11-v1,PAYC,Paycom,Aktie,USA,Industrials,true,C,S&P SmallCap 600
2026.08.11-v1,PAYO,Payoneer Global Inc.,Aktie,USA,Financials,true,C,S&P SmallCap 600
2026.08.11-v1,PAYP,PayPay Corporation,Aktie,USA,Nasdaq Global Select,true,B,Nasdaq Global Select Market
2026.08.11-v1,PAYX,Paychex,Aktie,USA,Industrials,true,A,Nasdaq Global Select Market; S&P 500
2026.08.11-v1,PB,Prosperity Bancshares,Aktie,USA,Financials,true,B,S&P MidCap 400
2026.08.11-v1,PBAM,"Private Bancorp of America, Inc.",Aktie,USA,Nasdaq Global Select,true,B,Nasdaq Global Select Market
2026.08.11-v1,PBF,PBF Energy,Aktie,USA,Energy,true,B,S&P MidCap 400
2026.08.11-v1,PBH,Prestige Consumer Healthcare,Aktie,USA,Health Care,true,C,S&P SmallCap 600
2026.08.11-v1,PBI,"Pitney Bowes, Inc.",Aktie,USA,Industrials,true,C,S&P SmallCap 600
2026.08.11-v1,PBLS,"Parabilis Medicines, Inc.",Aktie,USA,Nasdaq Global Select,true,B,Nasdaq Global Select Market
2026.08.11-v1,PBYI,Puma Biotechnology Inc,Aktie,USA,Nasdaq Global Select,true,B,Nasdaq Global Select Market
2026.08.11-v1,PCAR,Paccar,Aktie,USA,Industrials,true,A,Nasdaq Global Select Market; S&P 500
2026.08.11-v1,PCB,PCB Bancorp,Aktie,USA,Nasdaq Global Select,true,B,Nasdaq Global Select Market
2026.08.11-v1,PCG,PG&E Corporation,Aktie,USA,Utilities,true,A,S&P 500
2026.08.11-v1,PCRX,"Pacira BioSciences, Inc.",Aktie,USA,Health Care,true,C,Nasdaq Global Select Market; S&P SmallCap 600
2026.08.11-v1,PCTY,Paylocity,Aktie,USA,Industrials,true,B,Nasdaq Global Select Market; S&P MidCap 400
2026.08.11-v1,PCVX,"Vaxcyte, Inc.",Aktie,USA,Nasdaq Global Select,true,B,Nasdaq Global Select Market
2026.08.11-v1,PDD,PDD Holdings Inc.,Aktie,USA,Nasdaq Global Select,true,B,Nasdaq Global Select Market
2026.08.11-v1,PDFS,"PDF Solutions, Inc.",Aktie,USA,Information Technology,true,C,Nasdaq Global Select Market; S&P SmallCap 600
2026.08.11-v1,PEB,Pebblebrook Hotel Trust,Aktie,USA,Real Estate,true,C,S&P SmallCap 600
2026.08.11-v1,PEBO,Peoples Bancorp Inc.,Aktie,USA,Nasdaq Global Select,true,B,Nasdaq Global Select Market
2026.08.11-v1,PECO,Phillips Edison & Company,Aktie,USA,Real Estate,true,C,Nasdaq Global Select Market; S&P SmallCap 600
2026.08.11-v1,PEG,Public Service Enterprise Group,Aktie,USA,Utilities,true,A,S&P 500
2026.08.11-v1,PEGA,Pegasystems,Aktie,USA,Information Technology,true,B,Nasdaq Global Select Market; S&P MidCap 400
2026.08.11-v1,PEN,"Penumbra, Inc.",Aktie,USA,Health Care,true,B,S&P MidCap 400
2026.08.11-v1,PENG,"Penguin Solutions, Inc.",Aktie,USA,Information Technology,true,C,Nasdaq Global Select Market; S&P SmallCap 600
2026.08.11-v1,PENN,Penn Entertainment,Aktie,USA,Consumer Discretionary,true,C,Nasdaq Global Select Market; S&P SmallCap 600
2026.08.11-v1,PEP,PepsiCo,Aktie,USA,Konsum,true,A,Kuratiertes Prognoseuniversum; Nasdaq Global Select Market; S&P 500
2026.08.11-v1,PEPG,PepGen Inc.,Aktie,USA,Nasdaq Global Select,true,B,Nasdaq Global Select Market
2026.08.11-v1,PERI,Perion Network Ltd,Aktie,USA,Nasdaq Global Select,true,B,Nasdaq Global Select Market
2026.08.11-v1,PETS,"PetMed Express, Inc.",Aktie,USA,Nasdaq Global Select,true,B,Nasdaq Global Select Market
2026.08.11-v1,PFBC,Preferred Bank,Aktie,USA,Financials,true,C,S&P SmallCap 600
2026.08.11-v1,PFE,Pfizer,Aktie,USA,Gesundheit,true,A,Kuratiertes Prognoseuniversum; S&P 500
2026.08.11-v1,PFG,Principal Financial Group,Aktie,USA,Financials,true,A,Nasdaq Global Select Market; S&P 500
2026.08.11-v1,PFGC,Performance Food Group,Aktie,USA,Consumer Staples,true,B,S&P MidCap 400
2026.08.11-v1,PFIS,Peoples Financial Services Corp.,Aktie,USA,Nasdaq Global Select,true,B,Nasdaq Global Select Market
2026.08.11-v1,PFS,"Provident Financial Services, Inc.",Aktie,USA,Financials,true,C,S&P SmallCap 600
2026.08.11-v1,PG,Procter and Gamble,Aktie,USA,Konsum,true,A,Kuratiertes Prognoseuniversum; S&P 500
2026.08.11-v1,PGC,Peapack-Gladstone Financial Corporation,Aktie,USA,Nasdaq Global Select,true,B,Nasdaq Global Select Market
2026.08.11-v1,PGEN,"Precigen, Inc.",Aktie,USA,Nasdaq Global Select,true,B,Nasdaq Global Select Market
2026.08.11-v1,PGNY,"Progyny, Inc.",Aktie,USA,Health Care,true,C,Nasdaq Global Select Market; S&P SmallCap 600
2026.08.11-v1,PGR,Progressive Corporation,Aktie,USA,Financials,true,A,S&P 500
2026.08.11-v1,PH,Parker Hannifin,Aktie,USA,Industrials,true,A,S&P 500
2026.08.11-v1,PHAT,"Phathom Pharmaceuticals, Inc.",Aktie,USA,Nasdaq Global Select,true,B,Nasdaq Global Select Market
2026.08.11-v1,PHIN,"PHINIA, Inc.",Aktie,USA,Consumer Discretionary,true,C,S&P SmallCap 600
2026.08.11-v1,PHM,PulteGroup,Aktie,USA,Consumer Discretionary,true,A,S&P 500
2026.08.11-v1,PHVS,Pharvaris N.V.,Aktie,USA,Nasdaq Global Select,true,B,Nasdaq Global Select Market
2026.08.11-v1,PI,"Impinj, Inc.",Aktie,USA,Information Technology,true,C,Nasdaq Global Select Market; S&P SmallCap 600
2026.08.11-v1,PICS,PicS N.V.,Aktie,USA,Nasdaq Global Select,true,B,Nasdaq Global Select Market
2026.08.11-v1,PII,Polaris,Aktie,USA,Consumer Discretionary,true,B,S&P MidCap 400
2026.08.11-v1,PINS,Pinterest,Aktie,USA,Communication Services,true,B,S&P MidCap 400
2026.08.11-v1,PIPR,Piper Sandler Companies,Aktie,USA,Financials,true,C,S&P SmallCap 600
2026.08.11-v1,PJT,"PJT Partners, Inc.",Aktie,USA,Financials,true,C,S&P SmallCap 600
2026.08.11-v1,PK,Park Hotels & Resorts,Aktie,USA,Real Estate,true,B,S&P MidCap 400
2026.08.11-v1,PKG,Packaging Corporation of America,Aktie,USA,Materials,true,A,S&P 500
2026.08.11-v1,PKOH,Park-Ohio Holdings Corp.,Aktie,USA,Nasdaq Global Select,true,B,Nasdaq Global Select Market
2026.08.11-v1,PLAB,"Photronics, Inc.",Aktie,USA,Information Technology,true,C,Nasdaq Global Select Market; S&P SmallCap 600
2026.08.11-v1,PLAY,"Dave & Buster's Entertainment, Inc.",Aktie,USA,Nasdaq Global Select,true,B,Nasdaq Global Select Market
2026.08.11-v1,PLCE,"Children's Place, Inc. (The)",Aktie,USA,Nasdaq Global Select,true,B,Nasdaq Global Select Market
2026.08.11-v1,PLD,Prologis,Aktie,USA,Real Estate,true,A,S&P 500
2026.08.11-v1,PLMR,"Palomar Holdings, Inc.",Aktie,USA,Financials,true,C,Nasdaq Global Select Market; S&P SmallCap 600
2026.08.11-v1,PLNT,Planet Fitness,Aktie,USA,Consumer Discretionary,true,B,S&P MidCap 400
2026.08.11-v1,PLPC,Preformed Line Products Company,Aktie,USA,Nasdaq Global Select,true,B,Nasdaq Global Select Market
2026.08.11-v1,PLRX,"Pliant Therapeutics, Inc.",Aktie,USA,Nasdaq Global Select,true,B,Nasdaq Global Select Market
2026.08.11-v1,PLTK,Playtika Holding Corp.,Aktie,USA,Nasdaq Global Select,true,B,Nasdaq Global Select Market
2026.08.11-v1,PLTR,Palantir Technologies,Aktie,USA,Software,true,A,Kuratiertes Prognoseuniversum; Nasdaq Global Select Market; S&P 500
2026.08.11-v1,PLUS,"ePlus, Inc.",Aktie,USA,Information Technology,true,C,Nasdaq Global Select Market; S&P SmallCap 600
2026.08.11-v1,PLXS,Plexus Corp.,Aktie,USA,Information Technology,true,C,Nasdaq Global Select Market; S&P SmallCap 600
2026.08.11-v1,PM,Philip Morris,Aktie,USA,Konsum,true,A,Kuratiertes Prognoseuniversum; S&P 500
2026.08.11-v1,PMT,PennyMac Mortgage Investment Trust,Aktie,USA,Real Estate,true,C,S&P SmallCap 600
2026.08.11-v1,PMVP,"PMV Pharmaceuticals, Inc.",Aktie,USA,Nasdaq Global Select,true,B,Nasdaq Global Select Market
2026.08.11-v1,PNC,PNC Financial Services,Aktie,USA,Financials,true,A,S&P 500
2026.08.11-v1,PNFP,Pinnacle Financial Partners,Aktie,USA,Financials,true,B,S&P MidCap 400
2026.08.11-v1,PNR,Pentair,Aktie,USA,Industrials,true,A,S&P 500
2026.08.11-v1,PNTG,"The Pennant Group, Inc.",Aktie,USA,Nasdaq Global Select,true,B,Nasdaq Global Select Market
2026.08.11-v1,PNW,Pinnacle West Capital,Aktie,USA,Utilities,true,A,S&P 500
2026.08.11-v1,PODD,Insulet Corporation,Aktie,USA,Health Care,true,A,Nasdaq Global Select Market; S&P 500
2026.08.11-v1,PONY,Pony AI Inc.,Aktie,USA,Nasdaq Global Select,true,B,Nasdaq Global Select Market
2026.08.11-v1,POOL,Pool Corporation,Aktie,USA,Consumer Discretionary,true,C,Nasdaq Global Select Market; S&P SmallCap 600
2026.08.11-v1,POR,Portland General Electric,Aktie,USA,Utilities,true,B,S&P MidCap 400
2026.08.11-v1,POST,Post Holdings,Aktie,USA,Consumer Staples,true,B,S&P MidCap 400
2026.08.11-v1,POWI,Power Integrations,Aktie,USA,Information Technology,true,C,Nasdaq Global Select Market; S&P SmallCap 600
2026.08.11-v1,POWL,"Powell Industries, Inc.",Aktie,USA,Industrials,true,C,Nasdaq Global Select Market; S&P SmallCap 600
2026.08.11-v1,PPC,Pilgrim's Pride,Aktie,USA,Consumer Staples,true,B,Nasdaq Global Select Market; S&P MidCap 400
2026.08.11-v1,PPG,PPG Industries,Aktie,USA,Materials,true,A,S&P 500
2026.08.11-v1,PPL,PPL Corporation,Aktie,USA,Utilities,true,A,S&P 500
2026.08.11-v1,PPLI,People Inc.,Aktie,USA,Communication Services,true,C,Nasdaq Global Select Market; S&P SmallCap 600
2026.08.11-v1,PR,Permian Resources,Aktie,USA,Energy,true,B,S&P MidCap 400
2026.08.11-v1,PRAA,"PRA Group, Inc.",Aktie,USA,Nasdaq Global Select,true,B,Nasdaq Global Select Market
2026.08.11-v1,PRAX,"Praxis Precision Medicines, Inc.",Aktie,USA,Nasdaq Global Select,true,B,Nasdaq Global Select Market
2026.08.11-v1,PRDO,Perdoceo Education Corp.,Aktie,USA,Consumer Discretionary,true,C,Nasdaq Global Select Market; S&P SmallCap 600
2026.08.11-v1,PRG,"PROG Holdings, Inc.",Aktie,USA,Financials,true,C,S&P SmallCap 600
2026.08.11-v1,PRGO,Perrigo,Aktie,USA,Health Care,true,C,S&P SmallCap 600
2026.08.11-v1,PRGS,Progress Software Corporation,Aktie,USA,Information Technology,true,C,Nasdaq Global Select Market; S&P SmallCap 600
2026.08.11-v1,PRI,Primerica,Aktie,USA,Financials,true,B,S&P MidCap 400
2026.08.11-v1,PRIM,Primoris Services Corporation,Aktie,USA,Industrials,true,C,S&P SmallCap 600
2026.08.11-v1,PRK,Park National Corp.,Aktie,USA,Financials,true,C,S&P SmallCap 600
2026.08.11-v1,PRKS,United Parks & Resorts,Aktie,USA,Consumer Discretionary,true,C,S&P SmallCap 600
2026.08.11-v1,PRLB,Protolabs,Aktie,USA,Industrials,true,C,S&P SmallCap 600
2026.08.11-v1,PRLD,Prelude Therapeutics Incorporated,Aktie,USA,Nasdaq Global Select,true,B,Nasdaq Global Select Market
2026.08.11-v1,PROV,"Provident Financial Holdings, Inc.",Aktie,USA,Nasdaq Global Select,true,B,Nasdaq Global Select Market
2026.08.11-v1,PRPL,"Purple Innovation, Inc.",Aktie,USA,Nasdaq Global Select,true,B,Nasdaq Global Select Market
2026.08.11-v1,PRSU,"Pursuit Attractions & Hospitality, Inc.",Aktie,USA,Consumer Discretionary,true,C,S&P SmallCap 600
2026.08.11-v1,PRTA,Prothena Corporation plc,Aktie,USA,Nasdaq Global Select,true,B,Nasdaq Global Select Market
2026.08.11-v1,PRU,Prudential Financial,Aktie,USA,Financials,true,A,S&P 500
2026.08.11-v1,PRVA,"Privia Health Group, Inc.",Aktie,USA,Health Care,true,C,Nasdaq Global Select Market; S&P SmallCap 600
2026.08.11-v1,PSA,Public Storage,Aktie,USA,Real Estate,true,A,S&P 500
2026.08.11-v1,PSEC,Prospect Capital Corporation,Aktie,USA,Nasdaq Global Select,true,B,Nasdaq Global Select Market
2026.08.11-v1,PSKY,Paramount Skydance Corporation,Aktie,USA,Communication Services,true,A,Nasdaq Global Select Market; S&P 500
2026.08.11-v1,PSMT,PriceSmart,Aktie,USA,Consumer Staples,true,C,Nasdaq Global Select Market; S&P SmallCap 600
2026.08.11-v1,PSN,Parsons Corporation,Aktie,USA,Industrials,true,B,S&P MidCap 400
2026.08.11-v1,PSX,Phillips 66,Aktie,USA,Energy,true,A,S&P 500
2026.08.11-v1,PTC,PTC Inc.,Aktie,USA,Information Technology,true,A,Nasdaq Global Select Market; S&P 500
2026.08.11-v1,PTCT,"PTC Therapeutics, Inc.",Aktie,USA,Health Care,true,C,Nasdaq Global Select Market; S&P SmallCap 600
2026.08.11-v1,PTEN,"Patterson-UTI Energy, Inc.",Aktie,USA,Energy,true,C,Nasdaq Global Select Market; S&P SmallCap 600
2026.08.11-v1,PTGX,"Protagonist Therapeutics, Inc.",Aktie,USA,Health Care,true,C,S&P SmallCap 600
2026.08.11-v1,PTLO,Portillo's Inc.,Aktie,USA,Nasdaq Global Select,true,B,Nasdaq Global Select Market
2026.08.11-v1,PTON,"Peloton Interactive, Inc.",Aktie,USA,Consumer Discretionary,true,C,Nasdaq Global Select Market; S&P SmallCap 600
2026.08.11-v1,PTRN,Pattern Group Inc.,Aktie,USA,Nasdaq Global Select,true,B,Nasdaq Global Select Market
2026.08.11-v1,PVH,PVH Corp.,Aktie,USA,Consumer Discretionary,true,B,S&P MidCap 400
2026.08.11-v1,PWP,Perella Weinberg Partners,Aktie,USA,Nasdaq Global Select,true,B,Nasdaq Global Select Market
2026.08.11-v1,PWR,Quanta Services,Aktie,USA,Industrials,true,A,S&P 500
2026.08.11-v1,PYPL,PayPal,Aktie,USA,Finanzen,true,A,Kuratiertes Prognoseuniversum; Nasdaq Global Select Market; S&P 500
2026.08.11-v1,PYXS,"Pyxis Oncology, Inc.",Aktie,USA,Nasdaq Global Select,true,B,Nasdaq Global Select Market
2026.08.11-v1,PZZA,Papa John's Pizza,Aktie,USA,Consumer Discretionary,true,C,Nasdaq Global Select Market; S&P SmallCap 600
2026.08.11-v1,Q,Qnity Electronics,Aktie,USA,Information Technology,true,A,S&P 500
2026.08.11-v1,QBTS,D-Wave Quantum Inc.,Aktie,USA,Nasdaq Global Select,true,B,Nasdaq Global Select Market
2026.08.11-v1,QCOM,Qualcomm,Aktie,USA,Halbleiter,true,A,Kuratiertes Prognoseuniversum; Nasdaq Global Select Market; S&P 500
2026.08.11-v1,QDEL,QuidelOrtho,Aktie,USA,Health Care,true,C,Nasdaq Global Select Market; S&P SmallCap 600
2026.08.11-v1,QFIN,"Qfin Holdings, Inc.",Aktie,USA,Nasdaq Global Select,true,B,Nasdaq Global Select Market
2026.08.11-v1,QLYS,Qualys,Aktie,USA,Information Technology,true,B,Nasdaq Global Select Market; S&P MidCap 400
2026.08.11-v1,QNCX,"Quince Therapeutics, Inc.",Aktie,USA,Nasdaq Global Select,true,B,Nasdaq Global Select Market
2026.08.11-v1,QNST,"QuinStreet, Inc.",Aktie,USA,Communication Services,true,C,Nasdaq Global Select Market; S&P SmallCap 600
2026.08.11-v1,QQQX,Nuveen NASDAQ 100 Dynamic Overwrite Fund,Aktie,USA,Nasdaq Global Select,true,B,Nasdaq Global Select Market
2026.08.11-v1,QRVO,Qorvo,Aktie,USA,Information Technology,true,C,Nasdaq Global Select Market; S&P SmallCap 600
2026.08.11-v1,QS,QuantumScape Corporation,Aktie,USA,Nasdaq Global Select,true,B,Nasdaq Global Select Market
2026.08.11-v1,QTWO,"Q2 Holdings, Inc.",Aktie,USA,Information Technology,true,C,S&P SmallCap 600
2026.08.11-v1,QURE,uniQure N.V.,Aktie,USA,Nasdaq Global Select,true,B,Nasdaq Global Select Market
2026.08.11-v1,QVCG,"QVC Group, Inc.",Aktie,USA,Nasdaq Global Select,true,B,Nasdaq Global Select Market
2026.08.11-v1,R,Ryder,Aktie,USA,Industrials,true,B,S&P MidCap 400
2026.08.11-v1,RAIL,"Freightcar America, Inc.",Aktie,USA,Nasdaq Global Select,true,B,Nasdaq Global Select Market
2026.08.11-v1,RAL,Ralliant Corp,Aktie,USA,Information Technology,true,C,S&P SmallCap 600
2026.08.11-v1,RAMP,"LiveRamp Holdings, Inc.",Aktie,USA,Information Technology,true,C,S&P SmallCap 600
2026.08.11-v1,RARE,Ultragenyx Pharmaceutical Inc.,Aktie,USA,Nasdaq Global Select,true,B,Nasdaq Global Select Market
2026.08.11-v1,RBA,RB Global,Aktie,USA,Industrials,true,B,S&P MidCap 400
2026.08.11-v1,RBB,RBB Bancorp,Aktie,USA,Nasdaq Global Select,true,B,Nasdaq Global Select Market
2026.08.11-v1,RBBN,Ribbon Communications Inc.,Aktie,USA,Nasdaq Global Select,true,B,Nasdaq Global Select Market
2026.08.11-v1,RBC,RBC Bearings,Aktie,USA,Industrials,true,B,S&P MidCap 400
2026.08.11-v1,RBCAA,"Republic Bancorp, Inc.",Aktie,USA,Nasdaq Global Select,true,B,Nasdaq Global Select Market
2026.08.11-v1,RCKY,"Rocky Brands, Inc.",Aktie,USA,Nasdaq Global Select,true,B,Nasdaq Global Select Market
2026.08.11-v1,RCL,Royal Caribbean Group,Aktie,USA,Consumer Discretionary,true,A,S&P 500
2026.08.11-v1,RCUS,"Arcus Biosciences, Inc.",Aktie,USA,Health Care,true,C,S&P SmallCap 600
2026.08.11-v1,RDN,"Radian Group, Inc.",Aktie,USA,Financials,true,C,S&P SmallCap 600
2026.08.11-v1,RDNT,"RadNet, Inc.",Aktie,USA,Health Care,true,C,S&P SmallCap 600
2026.08.11-v1,RDWR,Radware Ltd.,Aktie,USA,Nasdaq Global Select,true,B,Nasdaq Global Select Market
2026.08.11-v1,REAL,"The RealReal, Inc.",Aktie,USA,Nasdaq Global Select,true,B,Nasdaq Global Select Market
2026.08.11-v1,REG,Regency Centers,Aktie,USA,Real Estate,true,A,Nasdaq Global Select Market; S&P 500
2026.08.11-v1,REGN,Regeneron Pharmaceuticals,Aktie,USA,Health Care,true,A,Nasdaq Global Select Market; S&P 500
2026.08.11-v1,RELL,"Richardson Electronics, Ltd.",Aktie,USA,Nasdaq Global Select,true,B,Nasdaq Global Select Market
2026.08.11-v1,RELY,Remitly,Aktie,USA,Financials,true,C,Nasdaq Global Select Market; S&P SmallCap 600
2026.08.11-v1,REPL,"Replimune Group, Inc.",Aktie,USA,Nasdaq Global Select,true,B,Nasdaq Global Select Market
2026.08.11-v1,RES,"RPC, Inc.",Aktie,USA,Energy,true,C,S&P SmallCap 600
2026.08.11-v1,REX,REX American Resources Corporation,Aktie,USA,Energy,true,C,S&P SmallCap 600
2026.08.11-v1,REXR,Rexford Industrial Realty,Aktie,USA,Real Estate,true,B,S&P MidCap 400
2026.08.11-v1,REYN,Reynolds Consumer Products,Aktie,USA,Consumer Staples,true,C,Nasdaq Global Select Market; S&P SmallCap 600
2026.08.11-v1,REZI,"Resideo Technologies, Inc.",Aktie,USA,Industrials,true,C,S&P SmallCap 600
2026.08.11-v1,RF,Regions Financial Corporation,Aktie,USA,Financials,true,A,S&P 500
2026.08.11-v1,RGA,Reinsurance Group of America,Aktie,USA,Financials,true,B,S&P MidCap 400
2026.08.11-v1,RGEN,Repligen,Aktie,USA,Health Care,true,B,Nasdaq Global Select Market; S&P MidCap 400
2026.08.11-v1,RGLD,Royal Gold,Aktie,USA,Materials,true,B,Nasdaq Global Select Market; S&P MidCap 400
2026.08.11-v1,RGNX,REGENXBIO Inc.,Aktie,USA,Nasdaq Global Select,true,B,Nasdaq Global Select Market
2026.08.11-v1,RGP,"Resources Connection, Inc.",Aktie,USA,Nasdaq Global Select,true,B,Nasdaq Global Select Market
2026.08.11-v1,RH,RH,Aktie,USA,Consumer Discretionary,true,B,S&P MidCap 400
2026.08.11-v1,RHI,Robert Half,Aktie,USA,Industrials,true,C,S&P SmallCap 600
2026.08.11-v1,RHP,Ryman Hospitality Properties,Aktie,USA,Real Estate,true,C,S&P SmallCap 600
2026.08.11-v1,RIGL,"Rigel Pharmaceuticals, Inc.",Aktie,USA,Nasdaq Global Select,true,B,Nasdaq Global Select Market
2026.08.11-v1,RITM,Rithm Capital,Aktie,USA,Financials,true,C,S&P SmallCap 600
2026.08.11-v1,RIVN,"Rivian Automotive, Inc.",Aktie,USA,Nasdaq Global Select,true,B,Nasdaq Global Select Market
2026.08.11-v1,RJET,Republic Airways Holdings Inc.,Aktie,USA,Nasdaq Global Select,true,B,Nasdaq Global Select Market
2026.08.11-v1,RJF,Raymond James Financial,Aktie,USA,Financials,true,A,S&P 500
2026.08.11-v1,RKLB,Rocket Lab Corporation,Aktie,USA,Nasdaq Global Select,true,B,Nasdaq Global Select Market
2026.08.11-v1,RL,Ralph Lauren Corporation,Aktie,USA,Consumer Discretionary,true,A,S&P 500
2026.08.11-v1,RLI,RLI Corp.,Aktie,USA,Financials,true,B,S&P MidCap 400
2026.08.11-v1,RMBS,Rambus,Aktie,USA,Information Technology,true,B,Nasdaq Global Select Market; S&P MidCap 400
2026.08.11-v1,RMD,ResMed,Aktie,USA,Health Care,true,A,S&P 500
2026.08.11-v1,RNA,"Atrium Therapeutics, Inc.",Aktie,USA,Nasdaq Global Select,true,B,Nasdaq Global Select Market
2026.08.11-v1,RNG,"RingCentral, Inc.",Aktie,USA,Information Technology,true,C,S&P SmallCap 600
2026.08.11-v1,RNR,RenaissanceRe,Aktie,USA,Financials,true,B,S&P MidCap 400
2026.08.11-v1,RNST,Renasant Corp.,Aktie,USA,Financials,true,C,S&P SmallCap 600
2026.08.11-v1,RNW,ReNew Energy Global plc,Aktie,USA,Nasdaq Global Select,true,B,Nasdaq Global Select Market
2026.08.11-v1,ROAD,"Construction Partners, Inc.",Aktie,USA,Industrials,true,C,Nasdaq Global Select Market; S&P SmallCap 600
2026.08.11-v1,ROCK,"Gibraltar Industries, Inc.",Aktie,USA,Industrials,true,C,Nasdaq Global Select Market; S&P SmallCap 600
2026.08.11-v1,ROG,Rogers Corporation,Aktie,USA,Information Technology,true,C,S&P SmallCap 600
2026.08.11-v1,ROIV,Roivant Sciences,Aktie,USA,Health Care,true,B,Nasdaq Global Select Market; S&P MidCap 400
2026.08.11-v1,ROK,Rockwell Automation,Aktie,USA,Industrials,true,A,S&P 500
2026.08.11-v1,ROKU,"Roku, Inc.",Aktie,USA,Communication Services,true,B,Nasdaq Global Select Market; S&P MidCap 400
2026.08.11-v1,ROL,"Rollins, Inc.",Aktie,USA,Industrials,true,A,S&P 500
2026.08.11-v1,ROOT,"Root, Inc.",Aktie,USA,Nasdaq Global Select,true,B,Nasdaq Global Select Market
2026.08.11-v1,ROP,Roper Technologies,Aktie,USA,Information Technology,true,A,Nasdaq Global Select Market; S&P 500
2026.08.11-v1,ROST,Ross Stores,Aktie,USA,Consumer Discretionary,true,A,Nasdaq Global Select Market; S&P 500
2026.08.11-v1,RPM,RPM International,Aktie,USA,Materials,true,B,S&P MidCap 400
2026.08.11-v1,RPRX,Royalty Pharma plc,Aktie,USA,Nasdaq Global Select,true,B,Nasdaq Global Select Market
2026.08.11-v1,RRBI,"Red River Bancshares, Inc.",Aktie,USA,Nasdaq Global Select,true,B,Nasdaq Global Select Market
2026.08.11-v1,RRC,Range Resources,Aktie,USA,Energy,true,B,S&P MidCap 400
2026.08.11-v1,RRGB,"Red Robin Gourmet Burgers, Inc.",Aktie,USA,Nasdaq Global Select,true,B,Nasdaq Global Select Market
2026.08.11-v1,RRR,"Red Rock Resorts, Inc.",Aktie,USA,Consumer Discretionary,true,C,Nasdaq Global Select Market; S&P SmallCap 600
2026.08.11-v1,RRX,Regal Rexnord,Aktie,USA,Industrials,true,B,S&P MidCap 400
2026.08.11-v1,RS,"Reliance, Inc.",Aktie,USA,Materials,true,B,S&P MidCap 400
2026.08.11-v1,RSG,Republic Services,Aktie,USA,Industrials,true,A,S&P 500
2026.08.11-v1,RSI,"Rush Street Interactive, Inc.",Aktie,USA,Consumer Discretionary,true,C,S&P SmallCap 600
2026.08.11-v1,RTX,RTX,Aktie,USA,Luftfahrt,true,A,Kuratiertes Prognoseuniversum; S&P 500
2026.08.11-v1,RUN,Sunrun,Aktie,USA,Industrials,true,C,Nasdaq Global Select Market; S&P SmallCap 600
2026.08.11-v1,RUSHA,Rush Enterprises,Aktie,USA,Industrials,true,C,Nasdaq Global Select Market; S&P SmallCap 600
2026.08.11-v1,RUSHB,"Rush Enterprises, Inc.",Aktie,USA,Nasdaq Global Select,true,B,Nasdaq Global Select Market
2026.08.11-v1,RVMD,"Revolution Medicines, Inc.",Aktie,USA,Nasdaq Global Select,true,B,Nasdaq Global Select Market
2026.08.11-v1,RVSB,Riverview Bancorp Inc,Aktie,USA,Nasdaq Global Select,true,B,Nasdaq Global Select Market
2026.08.11-v1,RVTY,Revvity,Aktie,USA,Health Care,true,A,S&P 500
2026.08.11-v1,RWAY,Runway Growth Finance Corp.,Aktie,USA,Nasdaq Global Select,true,B,Nasdaq Global Select Market
2026.08.11-v1,RXO,"RXO, Inc.",Aktie,USA,Industrials,true,C,S&P SmallCap 600
2026.08.11-v1,RXRX,"Recursion Pharmaceuticals, Inc.",Aktie,USA,Nasdaq Global Select,true,B,Nasdaq Global Select Market
2026.08.11-v1,RXT,"Rackspace Technology, Inc.",Aktie,USA,Nasdaq Global Select,true,B,Nasdaq Global Select Market
2026.08.11-v1,RYAAY,Ryanair Holdings plc,Aktie,USA,Nasdaq Global Select,true,B,Nasdaq Global Select Market
2026.08.11-v1,RYAN,Ryan Specialty,Aktie,USA,Financials,true,B,S&P MidCap 400
2026.08.11-v1,RYN,Rayonier,Aktie,USA,Real Estate,true,B,S&P MidCap 400
2026.08.11-v1,SABR,Sabre,Aktie,USA,Consumer Discretionary,true,C,Nasdaq Global Select Market; S&P SmallCap 600
2026.08.11-v1,SAFE,"Safehold, Inc.",Aktie,USA,Real Estate,true,C,S&P SmallCap 600
2026.08.11-v1,SAFT,"Safety Insurance Group, Inc.",Aktie,USA,Financials,true,C,Nasdaq Global Select Market; S&P SmallCap 600
2026.08.11-v1,SAH,"Sonic Automotive, Inc.",Aktie,USA,Consumer Discretionary,true,C,S&P SmallCap 600
2026.08.11-v1,SAIA,Saia,Aktie,USA,Industrials,true,B,Nasdaq Global Select Market; S&P MidCap 400
2026.08.11-v1,SAIC,Science Applications Intl Corp,Aktie,USA,Industrials,true,B,Nasdaq Global Select Market; S&P MidCap 400
2026.08.11-v1,SAIL,"SailPoint, Inc.",Aktie,USA,Nasdaq Global Select,true,B,Nasdaq Global Select Market
2026.08.11-v1,SAM,Boston Beer Company,Aktie,USA,Consumer Staples,true,B,S&P MidCap 400
2026.08.11-v1,SANA,"Sana Biotechnology, Inc.",Aktie,USA,Nasdaq Global Select,true,B,Nasdaq Global Select Market
2026.08.11-v1,SANG,Sangoma Technologies Corporation,Aktie,USA,Nasdaq Global Select,true,B,Nasdaq Global Select Market
2026.08.11-v1,SANM,Sanmina Corporation,Aktie,USA,Information Technology,true,B,Nasdaq Global Select Market; S&P MidCap 400
2026.08.11-v1,SARO,StandardAero,Aktie,USA,Industrials,true,B,S&P MidCap 400
2026.08.11-v1,SBAC,SBA Communications,Aktie,USA,Real Estate,true,A,Nasdaq Global Select Market; S&P 500
2026.08.11-v1,SBCF,Seacoast Banking Corporation of Florida,Aktie,USA,Financials,true,C,Nasdaq Global Select Market; S&P SmallCap 600
2026.08.11-v1,SBGI,"Sinclair, Inc.",Aktie,USA,Nasdaq Global Select,true,B,Nasdaq Global Select Market
2026.08.11-v1,SBH,"Sally Beauty Holdings, Inc.",Aktie,USA,Consumer Discretionary,true,C,S&P SmallCap 600
2026.08.11-v1,SBLK,Star Bulk Carriers Corp.,Aktie,USA,Nasdaq Global Select,true,B,Nasdaq Global Select Market
2026.08.11-v1,SBRA,Sabra Health Care REIT,Aktie,USA,Real Estate,true,B,Nasdaq Global Select Market; S&P MidCap 400
2026.08.11-v1,SBSI,"Southside Bancshares, Inc.",Aktie,USA,Financials,true,C,S&P SmallCap 600
2026.08.11-v1,SBUX,Starbucks,Aktie,USA,Konsum,true,A,Kuratiertes Prognoseuniversum; Nasdaq Global Select Market; S&P 500
2026.08.11-v1,SCHL,Scholastic Corporation,Aktie,USA,Consumer Discretionary,true,C,Nasdaq Global Select Market; S&P SmallCap 600
2026.08.11-v1,SCHW,Charles Schwab,Aktie,USA,Finanzen,true,A,Kuratiertes Prognoseuniversum; S&P 500
2026.08.11-v1,SCI,Service Corp Intl,Aktie,USA,Consumer Discretionary,true,B,S&P MidCap 400
2026.08.11-v1,SCL,Stepan Company,Aktie,USA,Materials,true,C,S&P SmallCap 600
2026.08.11-v1,SCOR,"comScore, Inc.",Aktie,USA,Nasdaq Global Select,true,B,Nasdaq Global Select Market
2026.08.11-v1,SCSC,"ScanSource, Inc.",Aktie,USA,Information Technology,true,C,Nasdaq Global Select Market; S&P SmallCap 600
2026.08.11-v1,SDGR,"Schrödinger, Inc.",Aktie,USA,Health Care,true,C,Nasdaq Global Select Market; S&P SmallCap 600
2026.08.11-v1,SEAT,Vivid Seats Inc.,Aktie,USA,Nasdaq Global Select,true,B,Nasdaq Global Select Market
2026.08.11-v1,SEDG,SolarEdge,Aktie,USA,Information Technology,true,C,Nasdaq Global Select Market; S&P SmallCap 600
2026.08.11-v1,SEER,"Seer, Inc.",Aktie,USA,Nasdaq Global Select,true,B,Nasdaq Global Select Market
2026.08.11-v1,SEI,"Solaris Energy Infrastructure, Inc.",Aktie,USA,Energy,true,C,S&P SmallCap 600
2026.08.11-v1,SEIC,SEI Investments Company,Aktie,USA,Financials,true,B,Nasdaq Global Select Market; S&P MidCap 400
2026.08.11-v1,SENEA,Seneca Foods Corp.,Aktie,USA,Nasdaq Global Select,true,B,Nasdaq Global Select Market
2026.08.11-v1,SENEB,Seneca Foods Corp.,Aktie,USA,Nasdaq Global Select,true,B,Nasdaq Global Select Market
2026.08.11-v1,SENS,"Senseonics Holdings, Inc.",Aktie,USA,Nasdaq Global Select,true,B,Nasdaq Global Select Market
2026.08.11-v1,SEZL,Sezzle,Aktie,USA,Financials,true,C,S&P SmallCap 600
2026.08.11-v1,SF,Stifel,Aktie,USA,Financials,true,B,S&P MidCap 400
2026.08.11-v1,SFBS,"ServisFirst Bancshares, Inc.",Aktie,USA,Financials,true,C,S&P SmallCap 600
2026.08.11-v1,SFD,"Smithfield Foods, Inc.",Aktie,USA,Nasdaq Global Select,true,B,Nasdaq Global Select Market
2026.08.11-v1,SFIX,"Stitch Fix, Inc.",Aktie,USA,Nasdaq Global Select,true,B,Nasdaq Global Select Market
2026.08.11-v1,SFM,Sprouts Farmers Market,Aktie,USA,Consumer Staples,true,B,Nasdaq Global Select Market; S&P MidCap 400
2026.08.11-v1,SFNC,Simmons First National Corporation,Aktie,USA,Financials,true,C,Nasdaq Global Select Market; S&P SmallCap 600
2026.08.11-v1,SGHT,"Sight Sciences, Inc.",Aktie,USA,Nasdaq Global Select,true,B,Nasdaq Global Select Market
2026.08.11-v1,SGI,Somnigroup International,Aktie,USA,Consumer Discretionary,true,B,S&P MidCap 400
2026.08.11-v1,SGP,"SpyGlass Pharma, Inc.",Aktie,USA,Nasdaq Global Select,true,B,Nasdaq Global Select Market
2026.08.11-v1,SGRY,"Surgery Partners, Inc.",Aktie,USA,Nasdaq Global Select,true,B,Nasdaq Global Select Market
2026.08.11-v1,SHAK,"Shake Shack, Inc.",Aktie,USA,Consumer Discretionary,true,C,S&P SmallCap 600
2026.08.11-v1,SHBI,"Shore Bancshares, Inc.",Aktie,USA,Nasdaq Global Select,true,B,Nasdaq Global Select Market
2026.08.11-v1,SHC,Sotera Health,Aktie,USA,Health Care,true,B,Nasdaq Global Select Market; S&P MidCap 400
2026.08.11-v1,SHEN,Shenandoah Telecommunications Co,Aktie,USA,Communication Services,true,C,Nasdaq Global Select Market; S&P SmallCap 600
2026.08.11-v1,SHO,"Sunstone Hotel Investors, Inc.",Aktie,USA,Real Estate,true,C,S&P SmallCap 600
2026.08.11-v1,SHOE,"Shoe Station Group, Inc.",Aktie,USA,Nasdaq Global Select,true,B,Nasdaq Global Select Market
2026.08.11-v1,SHOO,"Steven Madden, Ltd.",Aktie,USA,Consumer Discretionary,true,C,Nasdaq Global Select Market; S&P SmallCap 600
2026.08.11-v1,SHOP,Shopify Inc.,Aktie,USA,Nasdaq Global Select,true,B,Nasdaq Global Select Market
2026.08.11-v1,SHW,Sherwin Williams,Aktie,USA,Grundstoffe,true,A,Kuratiertes Prognoseuniversum; S&P 500
2026.08.11-v1,SIG,Signet Jewelers,Aktie,USA,Consumer Discretionary,true,C,S&P SmallCap 600
2026.08.11-v1,SIGI,Selective Insurance Group,Aktie,USA,Financials,true,B,Nasdaq Global Select Market; S&P MidCap 400
2026.08.11-v1,SILC,Silicom Ltd,Aktie,USA,Nasdaq Global Select,true,B,Nasdaq Global Select Market
2026.08.11-v1,SIMO,Silicon Motion Technology Corporation,Aktie,USA,Nasdaq Global Select,true,B,Nasdaq Global Select Market
2026.08.11-v1,SIRI,SiriusXM,Aktie,USA,Communication Services,true,B,Nasdaq Global Select Market; S&P MidCap 400
2026.08.11-v1,SITM,SiTime,Aktie,USA,Information Technology,true,B,S&P MidCap 400
2026.08.11-v1,SJM,J.M. Smucker Company (The),Aktie,USA,Consumer Staples,true,A,S&P 500
2026.08.11-v1,SKHY,SK hynix Inc.,Aktie,USA,Nasdaq Global Select,true,B,Nasdaq Global Select Market
2026.08.11-v1,SKT,"Tanger Factory Outlet Centers, Inc.",Aktie,USA,Real Estate,true,C,S&P SmallCap 600
2026.08.11-v1,SKWD,"Skyward Specialty Insurance Group, Inc.",Aktie,USA,Nasdaq Global Select,true,B,Nasdaq Global Select Market
2026.08.11-v1,SKY,"Champion Homes, Inc.",Aktie,USA,Consumer Discretionary,true,C,S&P SmallCap 600
2026.08.11-v1,SKYW,"SkyWest, Inc.",Aktie,USA,Industrials,true,C,Nasdaq Global Select Market; S&P SmallCap 600
2026.08.11-v1,SLAB,Silicon Labs,Aktie,USA,Information Technology,true,B,Nasdaq Global Select Market; S&P MidCap 400
2026.08.11-v1,SLB,SLB,Aktie,USA,Energie,true,A,Kuratiertes Prognoseuniversum; S&P 500
2026.08.11-v1,SLDB,Solid Biosciences Inc.,Aktie,USA,Nasdaq Global Select,true,B,Nasdaq Global Select Market
2026.08.11-v1,SLDE,"Slide Insurance Holdings, Inc.",Aktie,USA,Nasdaq Global Select,true,B,Nasdaq Global Select Market
2026.08.11-v1,SLDP,"Solid Power, Inc.",Aktie,USA,Nasdaq Global Select,true,B,Nasdaq Global Select Market
2026.08.11-v1,SLG,SL Green Realty,Aktie,USA,Real Estate,true,C,S&P SmallCap 600
2026.08.11-v1,SLGN,Silgan Holdings,Aktie,USA,Materials,true,B,S&P MidCap 400
2026.08.11-v1,SLM,SLM Corp,Aktie,USA,Financials,true,B,Nasdaq Global Select Market; S&P MidCap 400
2026.08.11-v1,SLP,"Simulations Plus, Inc.",Aktie,USA,Nasdaq Global Select,true,B,Nasdaq Global Select Market
2026.08.11-v1,SLRC,SLR Investment Corp.,Aktie,USA,Nasdaq Global Select,true,B,Nasdaq Global Select Market
2026.08.11-v1,SLVM,Sylvamo Corp.,Aktie,USA,Materials,true,C,S&P SmallCap 600
2026.08.11-v1,SM,SM Energy Company,Aktie,USA,Energy,true,C,S&P SmallCap 600
2026.08.11-v1,SMCI,Supermicro,Aktie,USA,Information Technology,true,A,Nasdaq Global Select Market; S&P 500
2026.08.11-v1,SMG,Scotts Miracle-Gro Company,Aktie,USA,Materials,true,B,S&P MidCap 400
2026.08.11-v1,SMP,"Standard Motor Products, Inc.",Aktie,USA,Consumer Discretionary,true,C,S&P SmallCap 600
2026.08.11-v1,SMPL,Simply Good Foods Company,Aktie,USA,Consumer Staples,true,C,S&P SmallCap 600
2026.08.11-v1,SMTC,Semtech,Aktie,USA,Information Technology,true,B,Nasdaq Global Select Market; S&P MidCap 400
2026.08.11-v1,SN,SharkNinja,Aktie,USA,Consumer Discretionary,true,B,S&P MidCap 400
2026.08.11-v1,SNA,Snap-on,Aktie,USA,Industrials,true,A,S&P 500
2026.08.11-v1,SND,"Smart Sand, Inc.",Aktie,USA,Nasdaq Global Select,true,B,Nasdaq Global Select Market
2026.08.11-v1,SNDK,Sandisk,Aktie,USA,Information Technology,true,A,Nasdaq Global Select Market; S&P 500
2026.08.11-v1,SNDR,Schneider National,Aktie,USA,Industrials,true,C,S&P SmallCap 600
2026.08.11-v1,SNDX,"Syndax Pharmaceuticals, Inc.",Aktie,USA,Nasdaq Global Select,true,B,Nasdaq Global Select Market
2026.08.11-v1,SNEX,StoneX Group Inc.,Aktie,USA,Financials,true,C,Nasdaq Global Select Market; S&P SmallCap 600
2026.08.11-v1,SNOW,Snowflake,Aktie,USA,Software,true,B,Kuratiertes Prognoseuniversum
2026.08.11-v1,SNPS,Synopsys,Aktie,USA,Information Technology,true,A,Nasdaq Global Select Market; S&P 500
2026.08.11-v1,SNX,TD Synnex,Aktie,USA,Information Technology,true,B,S&P MidCap 400
2026.08.11-v1,SNY,Sanofi,Aktie,USA,Nasdaq Global Select,true,B,Nasdaq Global Select Market
2026.08.11-v1,SO,Southern Company,Aktie,USA,Versorger,true,A,Kuratiertes Prognoseuniversum; S&P 500
2026.08.11-v1,SOFI,"SoFi Technologies, Inc.",Aktie,USA,Nasdaq Global Select,true,B,Nasdaq Global Select Market
2026.08.11-v1,SOHU,Sohu.com Limited,Aktie,USA,Nasdaq Global Select,true,B,Nasdaq Global Select Market
2026.08.11-v1,SOLS,Solstice Advanced Materials,Aktie,USA,Materials,true,B,Nasdaq Global Select Market; S&P MidCap 400
2026.08.11-v1,SOLV,Solventum,Aktie,USA,Health Care,true,A,S&P 500
2026.08.11-v1,SON,Sonoco,Aktie,USA,Materials,true,B,S&P MidCap 400
2026.08.11-v1,SONO,"Sonos, Inc.",Aktie,USA,Consumer Discretionary,true,C,Nasdaq Global Select Market; S&P SmallCap 600
2026.08.11-v1,SOPH,SOPHiA GENETICS SA,Aktie,USA,Nasdaq Global Select,true,B,Nasdaq Global Select Market
2026.08.11-v1,SPCX,Space Exploration Technologies Corp.,Aktie,USA,Nasdaq Global Select,true,B,Nasdaq Global Select Market
2026.08.11-v1,SPFI,"South Plains Financial, Inc.",Aktie,USA,Nasdaq Global Select,true,B,Nasdaq Global Select Market
2026.08.11-v1,SPG,Simon Property Group,Aktie,USA,Real Estate,true,A,S&P 500
2026.08.11-v1,SPGI,S and P Global,Aktie,USA,Finanzen,true,A,Kuratiertes Prognoseuniversum; S&P 500
2026.08.11-v1,SPHR,Sphere Entertainment,Aktie,USA,Communication Services,true,C,S&P SmallCap 600
2026.08.11-v1,SPNT,SiriusPoint Ltd.,Aktie,USA,Financials,true,C,S&P SmallCap 600
2026.08.11-v1,SPOK,"Spok Holdings, Inc.",Aktie,USA,Nasdaq Global Select,true,B,Nasdaq Global Select Market
2026.08.11-v1,SPRO,"Spero Therapeutics, Inc.",Aktie,USA,Nasdaq Global Select,true,B,Nasdaq Global Select Market
2026.08.11-v1,SPSC,"SPS Commerce, Inc.",Aktie,USA,Information Technology,true,C,Nasdaq Global Select Market; S&P SmallCap 600
2026.08.11-v1,SPTX,"Seaport Therapeutics, Inc.",Aktie,USA,Nasdaq Global Select,true,B,Nasdaq Global Select Market
2026.08.11-v1,SPWH,"Sportsman's Warehouse Holdings, Inc.",Aktie,USA,Nasdaq Global Select,true,B,Nasdaq Global Select Market
2026.08.11-v1,SPXC,SPX Technologies,Aktie,USA,Industrials,true,B,S&P MidCap 400
2026.08.11-v1,SR,Spire,Aktie,USA,Utilities,true,B,S&P MidCap 400
2026.08.11-v1,SRAD,Sportradar Group AG,Aktie,USA,Nasdaq Global Select,true,B,Nasdaq Global Select Market
2026.08.11-v1,SRCE,1st Source Corporation,Aktie,USA,Nasdaq Global Select,true,B,Nasdaq Global Select Market
2026.08.11-v1,SRE,Sempra,Aktie,USA,Utilities,true,A,S&P 500
2026.08.11-v1,SRPT,Sarepta Therapeutics,Aktie,USA,Health Care,true,C,Nasdaq Global Select Market; S&P SmallCap 600
2026.08.11-v1,SRRK,Scholar Rock Holding Corporation,Aktie,USA,Nasdaq Global Select,true,B,Nasdaq Global Select Market
2026.08.11-v1,SSB,South State Bank,Aktie,USA,Financials,true,B,S&P MidCap 400
2026.08.11-v1,SSD,Simpson Manufacturing,Aktie,USA,Industrials,true,B,S&P MidCap 400
2026.08.11-v1,SSNC,"SS&C Technologies Holdings, Inc.",Aktie,USA,Nasdaq Global Select,true,B,Nasdaq Global Select Market
2026.08.11-v1,SSP,E.W. Scripps Company (The),Aktie,USA,Nasdaq Global Select,true,B,Nasdaq Global Select Market
2026.08.11-v1,SSRM,SSR Mining Inc.,Aktie,USA,Nasdaq Global Select,true,B,Nasdaq Global Select Market
2026.08.11-v1,SSYS,"Stratasys, Ltd.",Aktie,USA,Nasdaq Global Select,true,B,Nasdaq Global Select Market
2026.08.11-v1,ST,Sensata Technologies,Aktie,USA,Industrials,true,B,S&P MidCap 400
2026.08.11-v1,STAA,STAAR Surgical Company,Aktie,USA,Health Care,true,C,S&P SmallCap 600
2026.08.11-v1,STAG,STAG Industrial,Aktie,USA,Real Estate,true,B,S&P MidCap 400
2026.08.11-v1,STBA,"S&T Bancorp, Inc.",Aktie,USA,Financials,true,C,Nasdaq Global Select Market; S&P SmallCap 600
2026.08.11-v1,STC,Stewart Information Services Corporation,Aktie,USA,Financials,true,C,S&P SmallCap 600
2026.08.11-v1,STE,Steris,Aktie,USA,Health Care,true,A,S&P 500
2026.08.11-v1,STEP,StepStone Group,Aktie,USA,Financials,true,C,Nasdaq Global Select Market; S&P SmallCap 600
2026.08.11-v1,STGW,Stagwell Inc.,Aktie,USA,Nasdaq Global Select,true,B,Nasdaq Global Select Market
2026.08.11-v1,STKE,Sol Strategies Inc.,Aktie,USA,Nasdaq Global Select,true,B,Nasdaq Global Select Market
2026.08.11-v1,STLD,Steel Dynamics,Aktie,USA,Materials,true,A,Nasdaq Global Select Market; S&P 500
2026.08.11-v1,STNE,StoneCo Ltd.,Aktie,USA,Nasdaq Global Select,true,B,Nasdaq Global Select Market
2026.08.11-v1,STOK,"Stoke Therapeutics, Inc.",Aktie,USA,Nasdaq Global Select,true,B,Nasdaq Global Select Market
2026.08.11-v1,STRA,"Strategic Education, Inc.",Aktie,USA,Consumer Discretionary,true,C,Nasdaq Global Select Market; S&P SmallCap 600
2026.08.11-v1,STRL,Sterling Infrastructure,Aktie,USA,Industrials,true,B,Nasdaq Global Select Market; S&P MidCap 400
2026.08.11-v1,STRR,"Star Equity Holdings, Inc.",Aktie,USA,Nasdaq Global Select,true,B,Nasdaq Global Select Market
2026.08.11-v1,STRZ,Starz Entertainment Corp.,Aktie,USA,Nasdaq Global Select,true,B,Nasdaq Global Select Market
2026.08.11-v1,STT,State Street Corporation,Aktie,USA,Financials,true,A,S&P 500
2026.08.11-v1,STTK,"Shattuck Labs, Inc.",Aktie,USA,Nasdaq Global Select,true,B,Nasdaq Global Select Market
2026.08.11-v1,STWD,Starwood Property Trust,Aktie,USA,Financials,true,B,S&P MidCap 400
2026.08.11-v1,STX,Seagate Technology,Aktie,USA,Information Technology,true,A,Nasdaq Global Select Market; S&P 500
2026.08.11-v1,STZ,Constellation Brands,Aktie,USA,Consumer Staples,true,A,S&P 500
2026.08.11-v1,SUJA,"Suja Life, Inc.",Aktie,USA,Nasdaq Global Select,true,B,Nasdaq Global Select Market
2026.08.11-v1,SUPN,"Supernus Pharmaceuticals, Inc.",Aktie,USA,Health Care,true,C,S&P SmallCap 600
2026.08.11-v1,SVA,"Sinovac Biotech, Ltd.",Aktie,USA,Nasdaq Global Select,true,B,Nasdaq Global Select Market
2026.08.11-v1,SVC,Service Properties Trust,Aktie,USA,Nasdaq Global Select,true,B,Nasdaq Global Select Market
2026.08.11-v1,SVCO,"Silvaco Group, Inc.",Aktie,USA,Nasdaq Global Select,true,B,Nasdaq Global Select Market
2026.08.11-v1,SVRA,"Savara, Inc.",Aktie,USA,Nasdaq Global Select,true,B,Nasdaq Global Select Market
2026.08.11-v1,SW,Smurfit Westrock,Aktie,USA,Materials,true,A,S&P 500
2026.08.11-v1,SWBI,"Smith & Wesson Brands, Inc.",Aktie,USA,Nasdaq Global Select,true,B,Nasdaq Global Select Market
2026.08.11-v1,SWIM,"Latham Group, Inc.",Aktie,USA,Nasdaq Global Select,true,B,Nasdaq Global Select Market
2026.08.11-v1,SWK,Stanley Black & Decker,Aktie,USA,Industrials,true,A,S&P 500
2026.08.11-v1,SWKS,Skyworks Solutions,Aktie,USA,Information Technology,true,A,Nasdaq Global Select Market; S&P 500
2026.08.11-v1,SWX,Southwest Gas Corp,Aktie,USA,Utilities,true,B,S&P MidCap 400
2026.08.11-v1,SXI,Standex International Corporation,Aktie,USA,Industrials,true,C,S&P SmallCap 600
2026.08.11-v1,SXT,Sensient Technologies,Aktie,USA,Materials,true,C,S&P SmallCap 600
2026.08.11-v1,SYBT,"Stock Yards Bancorp, Inc.",Aktie,USA,Nasdaq Global Select,true,B,Nasdaq Global Select Market
2026.08.11-v1,SYF,Synchrony Financial,Aktie,USA,Financials,true,A,S&P 500
2026.08.11-v1,SYK,Stryker Corporation,Aktie,USA,Health Care,true,A,S&P 500
2026.08.11-v1,SYNA,Synaptics,Aktie,USA,Information Technology,true,B,Nasdaq Global Select Market; S&P MidCap 400
2026.08.11-v1,SYRE,"Spyre Therapeutics, Inc.",Aktie,USA,Nasdaq Global Select,true,B,Nasdaq Global Select Market
2026.08.11-v1,SYY,Sysco,Aktie,USA,Consumer Staples,true,A,S&P 500
2026.08.11-v1,T,AT and T,Aktie,USA,Telekommunikation,true,A,Kuratiertes Prognoseuniversum; S&P 500
2026.08.11-v1,TALO,"Talos Energy, Inc.",Aktie,USA,Energy,true,C,S&P SmallCap 600
2026.08.11-v1,TAP,Molson Coors Beverage Company,Aktie,USA,Consumer Staples,true,A,S&P 500
2026.08.11-v1,TARS,"Tarsus Pharmaceuticals, Inc.",Aktie,USA,Nasdaq Global Select,true,B,Nasdaq Global Select Market
2026.08.11-v1,TASK,"TaskUs, Inc.",Aktie,USA,Nasdaq Global Select,true,B,Nasdaq Global Select Market
2026.08.11-v1,TBBK,"The Bancorp, Inc.",Aktie,USA,Financials,true,C,Nasdaq Global Select Market; S&P SmallCap 600
2026.08.11-v1,TBLA,Taboola.com Ltd.,Aktie,USA,Nasdaq Global Select,true,B,Nasdaq Global Select Market
2026.08.11-v1,TBLD,Thornburg Income Builder Opportunities Trust,Aktie,USA,Nasdaq Global Select,true,B,Nasdaq Global Select Market
2026.08.11-v1,TCBI,Texas Capital Bancshares,Aktie,USA,Financials,true,B,Nasdaq Global Select Market; S&P MidCap 400
2026.08.11-v1,TCBK,TriCo Bancshares,Aktie,USA,Nasdaq Global Select,true,B,Nasdaq Global Select Market
2026.08.11-v1,TCOM,Trip.com Group Limited,Aktie,USA,Nasdaq Global Select,true,B,Nasdaq Global Select Market
2026.08.11-v1,TCPC,BlackRock TCP Capital Corp.,Aktie,USA,Nasdaq Global Select,true,B,Nasdaq Global Select Market
2026.08.11-v1,TDC,Teradata,Aktie,USA,Information Technology,true,C,S&P SmallCap 600
2026.08.11-v1,TDG,TransDigm Group,Aktie,USA,Industrials,true,A,S&P 500
2026.08.11-v1,TDS,"Telephone and Data Systems, Inc.",Aktie,USA,Communication Services,true,C,S&P SmallCap 600
2026.08.11-v1,TDUP,ThredUp Inc.,Aktie,USA,Nasdaq Global Select,true,B,Nasdaq Global Select Market
2026.08.11-v1,TDW,"Tidewater, Inc.",Aktie,USA,Energy,true,C,S&P SmallCap 600
2026.08.11-v1,TDY,Teledyne Technologies,Aktie,USA,Information Technology,true,A,S&P 500
2026.08.11-v1,TEAD,Teads Holding Co.,Aktie,USA,Nasdaq Global Select,true,B,Nasdaq Global Select Market
2026.08.11-v1,TEAM,Atlassian Corporation,Aktie,USA,Nasdaq Global Select,true,B,Nasdaq Global Select Market
2026.08.11-v1,TECH,Bio-Techne,Aktie,USA,Health Care,true,A,Nasdaq Global Select Market; S&P 500
2026.08.11-v1,TEL,TE Connectivity,Aktie,USA,Information Technology,true,A,S&P 500
2026.08.11-v1,TEM,"Tempus AI, Inc.",Aktie,USA,Nasdaq Global Select,true,B,Nasdaq Global Select Market
2026.08.11-v1,TENB,"Tenable Holdings, Inc.",Aktie,USA,Nasdaq Global Select,true,B,Nasdaq Global Select Market
2026.08.11-v1,TER,Teradyne,Aktie,USA,Information Technology,true,A,Nasdaq Global Select Market; S&P 500
2026.08.11-v1,TEX,Terex,Aktie,USA,Industrials,true,B,S&P MidCap 400
2026.08.11-v1,TFC,Truist Financial,Aktie,USA,Financials,true,A,S&P 500
2026.08.11-v1,TFIN,"Triumph Bancorp, Inc.",Aktie,USA,Financials,true,C,S&P SmallCap 600
2026.08.11-v1,TFSL,TFS Financial Corporation,Aktie,USA,Nasdaq Global Select,true,B,Nasdaq Global Select Market
2026.08.11-v1,TFX,Teleflex,Aktie,USA,Health Care,true,C,S&P SmallCap 600
2026.08.11-v1,TGT,Target Corporation,Aktie,USA,Consumer Staples,true,A,S&P 500
2026.08.11-v1,TGTX,"TG Therapeutics, Inc.",Aktie,USA,Health Care,true,C,S&P SmallCap 600
2026.08.11-v1,THC,Tenet Health,Aktie,USA,Health Care,true,B,S&P MidCap 400
2026.08.11-v1,THFF,First Financial Corporation,Aktie,USA,Nasdaq Global Select,true,B,Nasdaq Global Select Market
2026.08.11-v1,THG,Hanover Insurance,Aktie,USA,Financials,true,B,S&P MidCap 400
2026.08.11-v1,THO,Thor Industries,Aktie,USA,Consumer Discretionary,true,B,S&P MidCap 400
2026.08.11-v1,THRM,Gentherm Incorporated,Aktie,USA,Consumer Discretionary,true,C,Nasdaq Global Select Market; S&P SmallCap 600
2026.08.11-v1,TIGO,Millicom International Cellular S.A.,Aktie,USA,Nasdaq Global Select,true,B,Nasdaq Global Select Market
2026.08.11-v1,TIGR,UP Fintech Holding Limited,Aktie,USA,Nasdaq Global Select,true,B,Nasdaq Global Select Market
2026.08.11-v1,TILE,"Interface, Inc.",Aktie,USA,Industrials,true,C,Nasdaq Global Select Market; S&P SmallCap 600
2026.08.11-v1,TITN,Titan Machinery Inc.,Aktie,USA,Nasdaq Global Select,true,B,Nasdaq Global Select Market
2026.08.11-v1,TJX,TJX Companies,Aktie,USA,Konsum,true,A,Kuratiertes Prognoseuniversum; S&P 500
2026.08.11-v1,TKO,TKO Group Holdings,Aktie,USA,Communication Services,true,A,S&P 500
2026.08.11-v1,TKR,Timken,Aktie,USA,Industrials,true,B,S&P MidCap 400
2026.08.11-v1,TLN,Talen Energy,Aktie,USA,Utilities,true,B,Nasdaq Global Select Market; S&P MidCap 400
2026.08.11-v1,TLRY,"Tilray Brands, Inc.",Aktie,USA,Nasdaq Global Select,true,B,Nasdaq Global Select Market
2026.08.11-v1,TLX,Telix Pharmaceuticals Limited,Aktie,USA,Nasdaq Global Select,true,B,Nasdaq Global Select Market
2026.08.11-v1,TMC,TMC the metals company Inc.,Aktie,USA,Nasdaq Global Select,true,B,Nasdaq Global Select Market
2026.08.11-v1,TMCI,"Treace Medical Concepts, Inc.",Aktie,USA,Nasdaq Global Select,true,B,Nasdaq Global Select Market
2026.08.11-v1,TMDX,"TransMedics Group, Inc.",Aktie,USA,Health Care,true,C,S&P SmallCap 600
2026.08.11-v1,TMO,Thermo Fisher Scientific,Aktie,USA,Gesundheit,true,A,Kuratiertes Prognoseuniversum; S&P 500
2026.08.11-v1,TMP,Tompkins Financial Corporation,Aktie,USA,Financials,true,C,S&P SmallCap 600
2026.08.11-v1,TMUS,T-Mobile US,Aktie,USA,Communication Services,true,A,Nasdaq Global Select Market; S&P 500
2026.08.11-v1,TNC,Tennant Company,Aktie,USA,Industrials,true,C,S&P SmallCap 600
2026.08.11-v1,TNDM,Tandem Diabetes Care,Aktie,USA,Health Care,true,C,S&P SmallCap 600
2026.08.11-v1,TNL,Travel + Leisure Co.,Aktie,USA,Consumer Discretionary,true,B,S&P MidCap 400
2026.08.11-v1,TNXP,Tonix Pharmaceuticals Holding Corp.,Aktie,USA,Nasdaq Global Select,true,B,Nasdaq Global Select Market
2026.08.11-v1,TOL,Toll Brothers,Aktie,USA,Consumer Discretionary,true,B,S&P MidCap 400
2026.08.11-v1,TOST,"Toast, Inc.",Aktie,USA,Financials,true,B,S&P MidCap 400
2026.08.11-v1,TOWN,Towne Bank,Aktie,USA,Nasdaq Global Select,true,B,Nasdaq Global Select Market
2026.08.11-v1,TPC,Tutor Perini Corporation,Aktie,USA,Industrials,true,C,S&P SmallCap 600
2026.08.11-v1,TPG,TPG Inc.,Aktie,USA,Nasdaq Global Select,true,B,Nasdaq Global Select Market
2026.08.11-v1,TPL,Texas Pacific Land Corporation,Aktie,USA,Energy,true,A,S&P 500
2026.08.11-v1,TPR,"Tapestry, Inc.",Aktie,USA,Consumer Discretionary,true,A,S&P 500
2026.08.11-v1,TR,"Tootsie Roll Industries, Inc.",Aktie,USA,Consumer Staples,true,C,S&P SmallCap 600
2026.08.11-v1,TRAX,"First Tracks Biotherapeutics, Inc.",Aktie,USA,Nasdaq Global Select,true,B,Nasdaq Global Select Market
2026.08.11-v1,TREE,"LendingTree, Inc.",Aktie,USA,Nasdaq Global Select,true,B,Nasdaq Global Select Market
2026.08.11-v1,TREX,Trex,Aktie,USA,Industrials,true,B,S&P MidCap 400
2026.08.11-v1,TRGP,Targa Resources,Aktie,USA,Energy,true,A,S&P 500
2026.08.11-v1,TRI,Thomson Reuters Corp,Aktie,USA,Nasdaq Global Select,true,B,Nasdaq Global Select Market
2026.08.11-v1,TRIP,TripAdvisor,Aktie,USA,Communication Services,true,C,Nasdaq Global Select Market; S&P SmallCap 600
2026.08.11-v1,TRMB,Trimble Inc.,Aktie,USA,Information Technology,true,A,Nasdaq Global Select Market; S&P 500
2026.08.11-v1,TRMD,TORM plc,Aktie,USA,Nasdaq Global Select,true,B,Nasdaq Global Select Market
2026.08.11-v1,TRMK,Trustmark Corp.,Aktie,USA,Financials,true,C,Nasdaq Global Select Market; S&P SmallCap 600
2026.08.11-v1,TRN,"Trinity Industries, Inc.",Aktie,USA,Industrials,true,C,S&P SmallCap 600
2026.08.11-v1,TRNO,Terreno Realty Corporation,Aktie,USA,Real Estate,true,C,S&P SmallCap 600
2026.08.11-v1,TROW,T. Rowe Price,Aktie,USA,Financials,true,A,Nasdaq Global Select Market; S&P 500
2026.08.11-v1,TRS,TriMas Corporation,Aktie,USA,Nasdaq Global Select,true,B,Nasdaq Global Select Market
2026.08.11-v1,TRST,TrustCo Bank Corp NY,Aktie,USA,Financials,true,C,Nasdaq Global Select Market; S&P SmallCap 600
2026.08.11-v1,TRU,TransUnion,Aktie,USA,Industrials,true,B,S&P MidCap 400
2026.08.11-v1,TRUP,Trupanion,Aktie,USA,Financials,true,C,S&P SmallCap 600
2026.08.11-v1,TRV,Travelers Companies (The),Aktie,USA,Financials,true,A,S&P 500
2026.08.11-v1,TRVG,trivago N.V.,Aktie,USA,Nasdaq Global Select,true,B,Nasdaq Global Select Market
2026.08.11-v1,TSAT,Telesat Corporation,Aktie,USA,Nasdaq Global Select,true,B,Nasdaq Global Select Market
2026.08.11-v1,TSCO,Tractor Supply,Aktie,USA,Consumer Discretionary,true,A,Nasdaq Global Select Market; S&P 500
2026.08.11-v1,TSEM,Tower Semiconductor Ltd.,Aktie,USA,Nasdaq Global Select,true,B,Nasdaq Global Select Market
2026.08.11-v1,TSHA,"Taysha Gene Therapies, Inc.",Aktie,USA,Nasdaq Global Select,true,B,Nasdaq Global Select Market
2026.08.11-v1,TSLA,Tesla,Aktie,USA,Automobil,true,A,Kuratiertes Prognoseuniversum; Nasdaq Global Select Market; S&P 500
2026.08.11-v1,TSN,Tyson Foods,Aktie,USA,Consumer Staples,true,A,S&P 500
2026.08.11-v1,TT,Trane Technologies,Aktie,USA,Industrials,true,A,S&P 500
2026.08.11-v1,TTAN,"ServiceTitan, Inc.",Aktie,USA,Nasdaq Global Select,true,B,Nasdaq Global Select Market
2026.08.11-v1,TTC,Toro,Aktie,USA,Industrials,true,B,S&P MidCap 400
2026.08.11-v1,TTD,Trade Desk (The),Aktie,USA,Communication Services,true,A,S&P 500
2026.08.11-v1,TTEC,"TTEC Holdings, Inc.",Aktie,USA,Nasdaq Global Select,true,B,Nasdaq Global Select Market
2026.08.11-v1,TTEK,Tetra Tech,Aktie,USA,Industrials,true,B,Nasdaq Global Select Market; S&P MidCap 400
2026.08.11-v1,TTGT,"TechTarget, Inc.",Aktie,USA,Nasdaq Global Select,true,B,Nasdaq Global Select Market
2026.08.11-v1,TTMI,TTM Technologies,Aktie,USA,Information Technology,true,B,Nasdaq Global Select Market; S&P MidCap 400
2026.08.11-v1,TTWO,Take-Two Interactive,Aktie,USA,Communication Services,true,A,Nasdaq Global Select Market; S&P 500
2026.08.11-v1,TUSK,"Mammoth Energy Services, Inc.",Aktie,USA,Nasdaq Global Select,true,B,Nasdaq Global Select Market
2026.08.11-v1,TW,Tradeweb Markets Inc.,Aktie,USA,Nasdaq Global Select,true,B,Nasdaq Global Select Market
2026.08.11-v1,TWFG,"TWFG, Inc.",Aktie,USA,Nasdaq Global Select,true,B,Nasdaq Global Select Market
2026.08.11-v1,TWIN,"Twin Disc, Incorporated",Aktie,USA,Nasdaq Global Select,true,B,Nasdaq Global Select Market
2026.08.11-v1,TWLO,Twilio,Aktie,USA,Information Technology,true,B,S&P MidCap 400
2026.08.11-v1,TWST,Twist Bioscience Corporation,Aktie,USA,Nasdaq Global Select,true,B,Nasdaq Global Select Market
2026.08.11-v1,TXG,"10x Genomics, Inc.",Aktie,USA,Nasdaq Global Select,true,B,Nasdaq Global Select Market
2026.08.11-v1,TXMD,"TherapeuticsMD, Inc.",Aktie,USA,Nasdaq Global Select,true,B,Nasdaq Global Select Market
2026.08.11-v1,TXN,Texas Instruments,Aktie,USA,Halbleiter,true,A,Kuratiertes Prognoseuniversum; Nasdaq Global Select Market; S&P 500
2026.08.11-v1,TXNM,TXNM Energy,Aktie,USA,Utilities,true,B,S&P MidCap 400
2026.08.11-v1,TXRH,Texas Roadhouse,Aktie,USA,Consumer Discretionary,true,B,Nasdaq Global Select Market; S&P MidCap 400
2026.08.11-v1,TXT,Textron,Aktie,USA,Industrials,true,A,S&P 500
2026.08.11-v1,TYL,Tyler Technologies,Aktie,USA,Information Technology,true,A,S&P 500
2026.08.11-v1,TYRA,"Tyra Biosciences, Inc.",Aktie,USA,Nasdaq Global Select,true,B,Nasdaq Global Select Market
2026.08.11-v1,TZOO,Travelzoo,Aktie,USA,Nasdaq Global Select,true,B,Nasdaq Global Select Market
2026.08.11-v1,UA,Under Armour (Class C),Aktie,USA,Consumer Discretionary,true,C,S&P SmallCap 600
2026.08.11-v1,UAA,Under Armour (Class A),Aktie,USA,Consumer Discretionary,true,C,S&P SmallCap 600
2026.08.11-v1,UAL,United Airlines Holdings,Aktie,USA,Industrials,true,A,S&P 500
2026.08.11-v1,UBER,Uber Technologies,Aktie,USA,Mobilität,true,A,Kuratiertes Prognoseuniversum; S&P 500
2026.08.11-v1,UBSI,United Bankshares,Aktie,USA,Financials,true,B,S&P MidCap 400
2026.08.11-v1,UCB,"United Community Banks, Inc.",Aktie,USA,Financials,true,C,S&P SmallCap 600
2026.08.11-v1,UCTT,"Ultra Clean Holdings, Inc.",Aktie,USA,Information Technology,true,C,Nasdaq Global Select Market; S&P SmallCap 600
2026.08.11-v1,UDR,"UDR, Inc.",Aktie,USA,Real Estate,true,A,S&P 500
2026.08.11-v1,UE,Urban Edge Properties,Aktie,USA,Real Estate,true,C,S&P SmallCap 600
2026.08.11-v1,UEIC,Universal Electronics Inc.,Aktie,USA,Nasdaq Global Select,true,B,Nasdaq Global Select Market
2026.08.11-v1,UFCS,"United Fire Group, Inc.",Aktie,USA,Financials,true,C,S&P SmallCap 600
2026.08.11-v1,UFPI,UFP Industries,Aktie,USA,Industrials,true,B,Nasdaq Global Select Market; S&P MidCap 400
2026.08.11-v1,UFPT,"UFP Technologies, Inc.",Aktie,USA,Health Care,true,C,S&P SmallCap 600
2026.08.11-v1,UGI,UGI Corp,Aktie,USA,Utilities,true,B,S&P MidCap 400
2026.08.11-v1,UHS,Universal Health Services,Aktie,USA,Health Care,true,A,S&P 500
2026.08.11-v1,ULCC,"Frontier Group Holdings, Inc.",Aktie,USA,Nasdaq Global Select,true,B,Nasdaq Global Select Market
2026.08.11-v1,ULH,"Universal Logistics Holdings, Inc.",Aktie,USA,Nasdaq Global Select,true,B,Nasdaq Global Select Market
2026.08.11-v1,ULS,UL Solutions,Aktie,USA,Industrials,true,B,S&P MidCap 400
2026.08.11-v1,ULTA,Ulta Beauty,Aktie,USA,Consumer Discretionary,true,A,Nasdaq Global Select Market; S&P 500
2026.08.11-v1,UMBF,UMB Financial Corp.,Aktie,USA,Financials,true,B,Nasdaq Global Select Market; S&P MidCap 400
2026.08.11-v1,UNF,UniFirst Corporation,Aktie,USA,Industrials,true,C,S&P SmallCap 600
2026.08.11-v1,UNFI,United Natural Foods Inc,Aktie,USA,Consumer Staples,true,C,S&P SmallCap 600
2026.08.11-v1,UNH,UnitedHealth,Aktie,USA,Gesundheit,true,A,Kuratiertes Prognoseuniversum; S&P 500
2026.08.11-v1,UNIT,Uniti Group,Aktie,USA,Communication Services,true,C,S&P SmallCap 600
2026.08.11-v1,UNM,Unum,Aktie,USA,Financials,true,B,S&P MidCap 400
2026.08.11-v1,UNP,Union Pacific,Aktie,USA,Infrastruktur,true,A,Kuratiertes Prognoseuniversum; S&P 500
2026.08.11-v1,UPB,"Upstream Bio, Inc.",Aktie,USA,Nasdaq Global Select,true,B,Nasdaq Global Select Market
2026.08.11-v1,UPBD,"Upbound Group, Inc.",Aktie,USA,Consumer Discretionary,true,C,Nasdaq Global Select Market; S&P SmallCap 600
2026.08.11-v1,UPS,United Parcel Service,Aktie,USA,Logistik,true,A,Kuratiertes Prognoseuniversum; S&P 500
2026.08.11-v1,UPST,"Upstart Holdings, Inc.",Aktie,USA,Nasdaq Global Select,true,B,Nasdaq Global Select Market
2026.08.11-v1,UPWK,"Upwork, Inc.",Aktie,USA,Industrials,true,C,Nasdaq Global Select Market; S&P SmallCap 600
2026.08.11-v1,URBN,"Urban Outfitters, Inc.",Aktie,USA,Consumer Discretionary,true,C,Nasdaq Global Select Market; S&P SmallCap 600
2026.08.11-v1,URI,United Rentals,Aktie,USA,Industrials,true,A,S&P 500
2026.08.11-v1,USB,U.S. Bancorp,Aktie,USA,Financials,true,A,S&P 500
2026.08.11-v1,USFD,US Foods,Aktie,USA,Consumer Staples,true,B,S&P MidCap 400
2026.08.11-v1,USLM,"United States Lime & Minerals, Inc.",Aktie,USA,Materials,true,C,S&P SmallCap 600
2026.08.11-v1,USPH,"U.S. Physical Therapy, Inc.",Aktie,USA,Health Care,true,C,S&P SmallCap 600
2026.08.11-v1,UTHR,United Therapeutics,Aktie,USA,Health Care,true,B,S&P MidCap 400
2026.08.11-v1,UTI,Universal Technical Institute,Aktie,USA,Consumer Discretionary,true,C,S&P SmallCap 600
2026.08.11-v1,UTL,Unitil Corporation,Aktie,USA,Utilities,true,C,S&P SmallCap 600
2026.08.11-v1,UTMD,"Utah Medical Products, Inc.",Aktie,USA,Nasdaq Global Select,true,B,Nasdaq Global Select Market
2026.08.11-v1,UTSI,UTStarcom Holdings Corp,Aktie,USA,Nasdaq Global Select,true,B,Nasdaq Global Select Market
2026.08.11-v1,UVSP,Univest Financial Corporation,Aktie,USA,Nasdaq Global Select,true,B,Nasdaq Global Select Market
2026.08.11-v1,UVV,Universal Corporation,Aktie,USA,Consumer Staples,true,C,S&P SmallCap 600
2026.08.11-v1,UXIN,Uxin Limited,Aktie,USA,Nasdaq Global Select,true,B,Nasdaq Global Select Market
2026.08.11-v1,V,Visa,Aktie,USA,Finanzen,true,A,Kuratiertes Prognoseuniversum; S&P 500
2026.08.11-v1,VAC,Marriott Vacations Worldwide,Aktie,USA,Consumer Discretionary,true,C,S&P SmallCap 600
2026.08.11-v1,VAL,Valaris,Aktie,USA,Energy,true,B,S&P MidCap 400
2026.08.11-v1,VALN,Valneva SE,Aktie,USA,Nasdaq Global Select,true,B,Nasdaq Global Select Market
2026.08.11-v1,VBNK,VersaBank,Aktie,USA,Nasdaq Global Select,true,B,Nasdaq Global Select Market
2026.08.11-v1,VC,Visteon,Aktie,USA,Consumer Discretionary,true,B,Nasdaq Global Select Market; S&P MidCap 400
2026.08.11-v1,VCEL,Vericel,Aktie,USA,Health Care,true,C,S&P SmallCap 600
2026.08.11-v1,VCTR,"Victory Capital Holdings, Inc.",Aktie,USA,Financials,true,C,Nasdaq Global Select Market; S&P SmallCap 600
2026.08.11-v1,VCYT,"Veracyte, Inc.",Aktie,USA,Health Care,true,C,S&P SmallCap 600
2026.08.11-v1,VECO,Veeco Instruments Inc.,Aktie,USA,Information Technology,true,C,Nasdaq Global Select Market; S&P SmallCap 600
2026.08.11-v1,VEEV,Veeva Systems,Aktie,USA,Health Care,true,A,S&P 500
2026.08.11-v1,VEON,VEON Ltd.,Aktie,USA,Nasdaq Global Select,true,B,Nasdaq Global Select Market
2026.08.11-v1,VFC,VF Corporation,Aktie,USA,Consumer Discretionary,true,B,S&P MidCap 400
2026.08.11-v1,VFS,VinFast Auto Ltd.,Aktie,USA,Nasdaq Global Select,true,B,Nasdaq Global Select Market
2026.08.11-v1,VGNT,Versigent PLC,Aktie,USA,Consumer Discretionary,true,C,S&P SmallCap 600
2026.08.11-v1,VIAV,Viavi Solutions,Aktie,USA,Information Technology,true,B,Nasdaq Global Select Market; S&P MidCap 400
2026.08.11-v1,VICI,Vici Properties,Aktie,USA,Real Estate,true,A,S&P 500
2026.08.11-v1,VICR,Vicor Corporation,Aktie,USA,Industrials,true,B,Nasdaq Global Select Market; S&P MidCap 400
2026.08.11-v1,VINP,Vinci Compass Investments Ltd.,Aktie,USA,Nasdaq Global Select,true,B,Nasdaq Global Select Market
2026.08.11-v1,VIR,"Vir Biotechnology, Inc.",Aktie,USA,Health Care,true,C,Nasdaq Global Select Market; S&P SmallCap 600
2026.08.11-v1,VIRT,"Virtu Financial, Inc.",Aktie,USA,Financials,true,C,S&P SmallCap 600
2026.08.11-v1,VISN,"Vistance Networks, Inc.",Aktie,USA,Nasdaq Global Select,true,B,Nasdaq Global Select Market
2026.08.11-v1,VLGEA,"Village Super Market, Inc.",Aktie,USA,Nasdaq Global Select,true,B,Nasdaq Global Select Market
2026.08.11-v1,VLO,Valero Energy,Aktie,USA,Energy,true,A,S&P 500
2026.08.11-v1,VLTO,Veralto,Aktie,USA,Industrials,true,A,S&P 500
2026.08.11-v1,VLY,Valley Bank,Aktie,USA,Financials,true,B,Nasdaq Global Select Market; S&P MidCap 400
2026.08.11-v1,VMC,Vulcan Materials Company,Aktie,USA,Materials,true,A,S&P 500
2026.08.11-v1,VMI,Valmont Industries,Aktie,USA,Industrials,true,B,S&P MidCap 400
2026.08.11-v1,VNET,"VNET Group, Inc.",Aktie,USA,Nasdaq Global Select,true,B,Nasdaq Global Select Market
2026.08.11-v1,VNO,Vornado Realty Trust,Aktie,USA,Real Estate,true,B,S&P MidCap 400
2026.08.11-v1,VNOM,Viper Energy,Aktie,USA,Energy,true,B,Nasdaq Global Select Market; S&P MidCap 400
2026.08.11-v1,VNT,Vontier,Aktie,USA,Information Technology,true,B,S&P MidCap 400
2026.08.11-v1,VOD,Vodafone Group Plc,Aktie,USA,Nasdaq Global Select,true,B,Nasdaq Global Select Market
2026.08.11-v1,VOR,Vor Biopharma Inc.,Aktie,USA,Nasdaq Global Select,true,B,Nasdaq Global Select Market
2026.08.11-v1,VOYA,Voya Financial,Aktie,USA,Financials,true,B,S&P MidCap 400
2026.08.11-v1,VRA,"Vera Bradley, Inc.",Aktie,USA,Nasdaq Global Select,true,B,Nasdaq Global Select Market
2026.08.11-v1,VREX,Varex Imaging Corporation,Aktie,USA,Nasdaq Global Select,true,B,Nasdaq Global Select Market
2026.08.11-v1,VRNS,"Varonis Systems, Inc.",Aktie,USA,Nasdaq Global Select,true,B,Nasdaq Global Select Market
2026.08.11-v1,VRRM,Verra Mobility Corporation,Aktie,USA,Industrials,true,C,S&P SmallCap 600
2026.08.11-v1,VRSK,Verisk Analytics,Aktie,USA,Industrials,true,A,Nasdaq Global Select Market; S&P 500
2026.08.11-v1,VRSN,Verisign,Aktie,USA,Information Technology,true,A,Nasdaq Global Select Market; S&P 500
2026.08.11-v1,VRT,Vertiv,Aktie,USA,Industrials,true,A,S&P 500
2026.08.11-v1,VRTS,"Virtus Investment Partners, Inc.",Aktie,USA,Financials,true,C,S&P SmallCap 600
2026.08.11-v1,VRTX,Vertex Pharmaceuticals,Aktie,USA,Gesundheit,true,A,Kuratiertes Prognoseuniversum; Nasdaq Global Select Market; S&P 500
2026.08.11-v1,VSAT,"Viasat, Inc.",Aktie,USA,Information Technology,true,C,Nasdaq Global Select Market; S&P SmallCap 600
2026.08.11-v1,VSEC,VSE Corporation,Aktie,USA,Industrials,true,C,Nasdaq Global Select Market; S&P SmallCap 600
2026.08.11-v1,VSH,Vishay Intertechnology,Aktie,USA,Information Technology,true,C,S&P SmallCap 600
2026.08.11-v1,VSNT,"Versant Media Group, Inc.",Aktie,USA,Communication Services,true,C,Nasdaq Global Select Market; S&P SmallCap 600
2026.08.11-v1,VST,Vistra Corp.,Aktie,USA,Utilities,true,A,S&P 500
2026.08.11-v1,VSTS,Vestis,Aktie,USA,Industrials,true,C,S&P SmallCap 600
2026.08.11-v1,VSXY,Victoria's Secret,Aktie,USA,Consumer Discretionary,true,C,S&P SmallCap 600
2026.08.11-v1,VTOL,Bristow Group Inc.,Aktie,USA,Energy,true,C,S&P SmallCap 600
2026.08.11-v1,VTR,Ventas,Aktie,USA,Real Estate,true,A,S&P 500
2026.08.11-v1,VTRS,Viatris,Aktie,USA,Health Care,true,A,Nasdaq Global Select Market; S&P 500
2026.08.11-v1,VVV,Valvoline,Aktie,USA,Consumer Discretionary,true,B,S&P MidCap 400
2026.08.11-v1,VVX,"V2X, Inc.",Aktie,USA,Industrials,true,C,S&P SmallCap 600
2026.08.11-v1,VYGR,"Voyager Therapeutics, Inc.",Aktie,USA,Nasdaq Global Select,true,B,Nasdaq Global Select Market
2026.08.11-v1,VYX,NCR Voyix,Aktie,USA,Information Technology,true,C,S&P SmallCap 600
2026.08.11-v1,VZ,Verizon,Aktie,USA,Communication Services,true,A,S&P 500
2026.08.11-v1,WAB,Wabtec,Aktie,USA,Industrials,true,A,S&P 500
2026.08.11-v1,WABC,Westamerica Bank,Aktie,USA,Financials,true,C,Nasdaq Global Select Market; S&P SmallCap 600
2026.08.11-v1,WAFD,"WaFd, Inc.",Aktie,USA,Financials,true,C,Nasdaq Global Select Market; S&P SmallCap 600
2026.08.11-v1,WAFDP,"WaFd, Inc.",Aktie,USA,Nasdaq Global Select,true,B,Nasdaq Global Select Market
2026.08.11-v1,WAL,Western Alliance Bancorporation,Aktie,USA,Financials,true,B,S&P MidCap 400
2026.08.11-v1,WASH,"Washington Trust Bancorp, Inc.",Aktie,USA,Nasdaq Global Select,true,B,Nasdaq Global Select Market
2026.08.11-v1,WAT,Waters Corporation,Aktie,USA,Health Care,true,A,S&P 500
2026.08.11-v1,WAY,Waystar Holding Corp,Aktie,USA,Health Care,true,C,Nasdaq Global Select Market; S&P SmallCap 600
2026.08.11-v1,WB,Weibo Corporation,Aktie,USA,Nasdaq Global Select,true,B,Nasdaq Global Select Market
2026.08.11-v1,WBD,Warner Bros. Discovery,Aktie,USA,Communication Services,true,A,Nasdaq Global Select Market; S&P 500
2026.08.11-v1,WBS,Webster Bank,Aktie,USA,Financials,true,B,S&P MidCap 400
2026.08.11-v1,WBTN,WEBTOON Entertainment Inc.,Aktie,USA,Nasdaq Global Select,true,B,Nasdaq Global Select Market
2026.08.11-v1,WCC,WESCO International,Aktie,USA,Industrials,true,B,S&P MidCap 400
2026.08.11-v1,WD,"Walker & Dunlop, Inc.",Aktie,USA,Financials,true,C,S&P SmallCap 600
2026.08.11-v1,WDAY,"Workday, Inc.",Aktie,USA,Information Technology,true,A,Nasdaq Global Select Market; S&P 500
2026.08.11-v1,WDC,Western Digital,Aktie,USA,Information Technology,true,A,Nasdaq Global Select Market; S&P 500
2026.08.11-v1,WDFC,WD-40 Company,Aktie,USA,Consumer Staples,true,C,Nasdaq Global Select Market; S&P SmallCap 600
2026.08.11-v1,WEC,WEC Energy Group,Aktie,USA,Utilities,true,A,S&P 500
2026.08.11-v1,WELL,Welltower,Aktie,USA,Real Estate,true,A,S&P 500
2026.08.11-v1,WEN,The Wendy's Company,Aktie,USA,Consumer Discretionary,true,C,Nasdaq Global Select Market; S&P SmallCap 600
2026.08.11-v1,WERN,Werner Enterprises,Aktie,USA,Industrials,true,C,Nasdaq Global Select Market; S&P SmallCap 600
2026.08.11-v1,WEX,WEX Inc.,Aktie,USA,Financials,true,B,S&P MidCap 400
2026.08.11-v1,WEYS,"Weyco Group, Inc.",Aktie,USA,Nasdaq Global Select,true,B,Nasdaq Global Select Market
2026.08.11-v1,WFC,Wells Fargo,Aktie,USA,Financials,true,A,S&P 500
2026.08.11-v1,WFRD,Weatherford International,Aktie,USA,Energy,true,B,Nasdaq Global Select Market; S&P MidCap 400
2026.08.11-v1,WGO,"Winnebago Industries, Inc.",Aktie,USA,Consumer Discretionary,true,C,S&P SmallCap 600
2026.08.11-v1,WGS,GeneDx Holdings Corp.,Aktie,USA,Nasdaq Global Select,true,B,Nasdaq Global Select Market
2026.08.11-v1,WH,Wyndham Hotels & Resorts,Aktie,USA,Consumer Discretionary,true,B,S&P MidCap 400
2026.08.11-v1,WHD,"Cactus, Inc.",Aktie,USA,Energy,true,C,S&P SmallCap 600
2026.08.11-v1,WHF,"WhiteHorse Finance, Inc.",Aktie,USA,Nasdaq Global Select,true,B,Nasdaq Global Select Market
2026.08.11-v1,WHR,Whirlpool Corporation,Aktie,USA,Consumer Discretionary,true,B,S&P MidCap 400
2026.08.11-v1,WINA,Winmark,Aktie,USA,Consumer Discretionary,true,C,S&P SmallCap 600
2026.08.11-v1,WING,Wingstop,Aktie,USA,Consumer Discretionary,true,B,Nasdaq Global Select Market; S&P MidCap 400
2026.08.11-v1,WIX,Wix.com Ltd.,Aktie,USA,Nasdaq Global Select,true,B,Nasdaq Global Select Market
2026.08.11-v1,WKC,World Kinect Corporation,Aktie,USA,Energy,true,C,S&P SmallCap 600
2026.08.11-v1,WLK,Westlake Corporation,Aktie,USA,Materials,true,B,S&P MidCap 400
2026.08.11-v1,WLTH,Wealthfront Corporation,Aktie,USA,Nasdaq Global Select,true,B,Nasdaq Global Select Market
2026.08.11-v1,WLY,John Wiley & Sons,Aktie,USA,Communication Services,true,C,S&P SmallCap 600
2026.08.11-v1,WM,Waste Management,Aktie,USA,Industrials,true,A,S&P 500
2026.08.11-v1,WMB,Williams Companies,Aktie,USA,Energy,true,A,S&P 500
2026.08.11-v1,WMG,Warner Music Group,Aktie,USA,Communication Services,true,B,Nasdaq Global Select Market; S&P MidCap 400
2026.08.11-v1,WMS,Advanced Drainage Systems,Aktie,USA,Industrials,true,B,S&P MidCap 400
2026.08.11-v1,WMT,Walmart,Aktie,USA,Konsum,true,A,Kuratiertes Prognoseuniversum; Nasdaq Global Select Market; S&P 500
2026.08.11-v1,WNEB,"Western New England Bancorp, Inc.",Aktie,USA,Nasdaq Global Select,true,B,Nasdaq Global Select Market
2026.08.11-v1,WOOF,"Petco Health and Wellness Company, Inc.",Aktie,USA,Nasdaq Global Select,true,B,Nasdaq Global Select Market
2026.08.11-v1,WOR,Worthington Enterprises,Aktie,USA,Industrials,true,C,S&P SmallCap 600
2026.08.11-v1,WPC,W. P. Carey,Aktie,USA,Real Estate,true,B,S&P MidCap 400
2026.08.11-v1,WPRT,Westport Fuel Systems Inc,Aktie,USA,Nasdaq Global Select,true,B,Nasdaq Global Select Market
2026.08.11-v1,WRB,W. R. Berkley Corporation,Aktie,USA,Financials,true,A,S&P 500
2026.08.11-v1,WRBY,Warby Parker,Aktie,USA,Consumer Discretionary,true,C,S&P SmallCap 600
2026.08.11-v1,WRLD,World Acceptance Corporation,Aktie,USA,Financials,true,C,Nasdaq Global Select Market; S&P SmallCap 600
2026.08.11-v1,WS,Worthington Steel,Aktie,USA,Materials,true,C,S&P SmallCap 600
2026.08.11-v1,WSBC,WesBanco,Aktie,USA,Financials,true,C,Nasdaq Global Select Market; S&P SmallCap 600
2026.08.11-v1,WSBF,"Waterstone Financial, Inc.",Aktie,USA,Nasdaq Global Select,true,B,Nasdaq Global Select Market
2026.08.11-v1,WSC,WillScot Holdings Corp.,Aktie,USA,Industrials,true,C,S&P SmallCap 600
2026.08.11-v1,WSE,Wise Group plc,Aktie,USA,Nasdaq Global Select,true,B,Nasdaq Global Select Market
2026.08.11-v1,WSFS,WSFS Financial Corporation,Aktie,USA,Financials,true,C,Nasdaq Global Select Market; S&P SmallCap 600
2026.08.11-v1,WSM,"Williams-Sonoma, Inc.",Aktie,USA,Consumer Discretionary,true,A,S&P 500
2026.08.11-v1,WSO,Watsco,Aktie,USA,Industrials,true,B,S&P MidCap 400
2026.08.11-v1,WST,West Pharmaceutical Services,Aktie,USA,Health Care,true,A,S&P 500
2026.08.11-v1,WT,"WisdomTree Investments, Inc.",Aktie,USA,Financials,true,C,S&P SmallCap 600
2026.08.11-v1,WTBA,West Bancorporation,Aktie,USA,Nasdaq Global Select,true,B,Nasdaq Global Select Market
2026.08.11-v1,WTFC,Wintrust Financial,Aktie,USA,Financials,true,B,Nasdaq Global Select Market; S&P MidCap 400
2026.08.11-v1,WTRG,Essential Utilities,Aktie,USA,Utilities,true,B,S&P MidCap 400
2026.08.11-v1,WTS,Watts Water Technologies,Aktie,USA,Industrials,true,B,S&P MidCap 400
2026.08.11-v1,WTW,Willis Towers Watson,Aktie,USA,Financials,true,A,Nasdaq Global Select Market; S&P 500
2026.08.11-v1,WU,Western Union,Aktie,USA,Financials,true,C,S&P SmallCap 600
2026.08.11-v1,WWD,"Woodward, Inc.",Aktie,USA,Industrials,true,B,Nasdaq Global Select Market; S&P MidCap 400
2026.08.11-v1,WWW,"Wolverine World Wide, Inc.",Aktie,USA,Consumer Discretionary,true,C,S&P SmallCap 600
2026.08.11-v1,WY,Weyerhaeuser,Aktie,USA,Real Estate,true,A,S&P 500
2026.08.11-v1,WYNN,Wynn Resorts,Aktie,USA,Consumer Discretionary,true,A,Nasdaq Global Select Market; S&P 500
2026.08.11-v1,XBIT,XBiotech Inc.,Aktie,USA,Nasdaq Global Select,true,B,Nasdaq Global Select Market
2026.08.11-v1,XE,"X-Energy, Inc.",Aktie,USA,Nasdaq Global Select,true,B,Nasdaq Global Select Market
2026.08.11-v1,XEL,Xcel Energy,Aktie,USA,Utilities,true,A,Nasdaq Global Select Market; S&P 500
2026.08.11-v1,XERS,"Xeris Biopharma Holdings, Inc.",Aktie,USA,Nasdaq Global Select,true,B,Nasdaq Global Select Market
2026.08.11-v1,XHR,"Xenia Hotels & Resorts, Inc.",Aktie,USA,Real Estate,true,C,S&P SmallCap 600
2026.08.11-v1,XMTR,"Xometry, Inc.",Aktie,USA,Nasdaq Global Select,true,B,Nasdaq Global Select Market
2026.08.11-v1,XNCR,Xencor Inc,Aktie,USA,Health Care,true,C,S&P SmallCap 600
2026.08.11-v1,XNET,Xunlei Limited,Aktie,USA,Nasdaq Global Select,true,B,Nasdaq Global Select Market
2026.08.11-v1,XOM,Exxon Mobil,Aktie,USA,Energie,true,A,Kuratiertes Prognoseuniversum; S&P 500
2026.08.11-v1,XP,XP Inc.,Aktie,USA,Nasdaq Global Select,true,B,Nasdaq Global Select Market
2026.08.11-v1,XPEL,"XPEL, Inc.",Aktie,USA,Consumer Discretionary,true,C,S&P SmallCap 600
2026.08.11-v1,XPO,"XPO, Inc.",Aktie,USA,Industrials,true,B,S&P MidCap 400
2026.08.11-v1,XRAY,Dentsply Sirona,Aktie,USA,Health Care,true,B,Nasdaq Global Select Market; S&P MidCap 400
2026.08.11-v1,XRX,Xerox Holdings Corporation,Aktie,USA,Nasdaq Global Select,true,B,Nasdaq Global Select Market
2026.08.11-v1,XYL,Xylem Inc.,Aktie,USA,Industrials,true,A,S&P 500
2026.08.11-v1,XYZ,"Block, Inc.",Aktie,USA,Financials,true,A,S&P 500
2026.08.11-v1,YELP,"Yelp, Inc.",Aktie,USA,Communication Services,true,C,S&P SmallCap 600
2026.08.11-v1,YETI,Yeti Holdings,Aktie,USA,Consumer Discretionary,true,B,S&P MidCap 400
2026.08.11-v1,YORW,The York Water Company,Aktie,USA,Nasdaq Global Select,true,B,Nasdaq Global Select Market
2026.08.11-v1,YOU,"Clear Secure, Inc.",Aktie,USA,Information Technology,true,C,S&P SmallCap 600
2026.08.11-v1,YQ,17 Education & Technology Group Inc.,Aktie,USA,Nasdaq Global Select,true,B,Nasdaq Global Select Market
2026.08.11-v1,YSWY,"Yesway, Inc.",Aktie,USA,Nasdaq Global Select,true,B,Nasdaq Global Select Market
2026.08.11-v1,YUM,Yum! Brands,Aktie,USA,Consumer Discretionary,true,A,S&P 500
2026.08.11-v1,Z,"Zillow Group, Inc.",Aktie,USA,Nasdaq Global Select,true,B,Nasdaq Global Select Market
2026.08.11-v1,ZBH,Zimmer Biomet,Aktie,USA,Health Care,true,A,S&P 500
2026.08.11-v1,ZBIO,"Zenas BioPharma, Inc.",Aktie,USA,Nasdaq Global Select,true,B,Nasdaq Global Select Market
2026.08.11-v1,ZBRA,Zebra Technologies,Aktie,USA,Information Technology,true,A,Nasdaq Global Select Market; S&P 500
2026.08.11-v1,ZD,Ziff Davis,Aktie,USA,Communication Services,true,C,Nasdaq Global Select Market; S&P SmallCap 600
2026.08.11-v1,ZG,"Zillow Group, Inc.",Aktie,USA,Nasdaq Global Select,true,B,Nasdaq Global Select Market
2026.08.11-v1,ZION,Zions Bancorporation,Aktie,USA,Financials,true,B,Nasdaq Global Select Market; S&P MidCap 400
2026.08.11-v1,ZM,"Zoom Communications, Inc.",Aktie,USA,Nasdaq Global Select,true,B,Nasdaq Global Select Market
2026.08.11-v1,ZS,"Zscaler, Inc.",Aktie,USA,Nasdaq Global Select,true,B,Nasdaq Global Select Market
2026.08.11-v1,ZTS,Zoetis,Aktie,USA,Health Care,true,A,S&P 500
2026.08.11-v1,ZUMZ,Zumiez Inc.,Aktie,USA,Nasdaq Global Select,true,B,Nasdaq Global Select Market
2026.08.11-v1,ZVRA,"Zevra Therapeutics, Inc.",Aktie,USA,Nasdaq Global Select,true,B,Nasdaq Global Select Market
2026.08.11-v1,ZWS,Zurn Elkay Water Solutions Corp.,Aktie,USA,Industrials,true,C,S&P SmallCap 600
2026.08.11-v1,ZYME,Zymeworks Inc.,Aktie,USA,Nasdaq Global Select,true,B,Nasdaq Global Select Market
2026.08.11-v1,EWJ,iShares MSCI Japan ETF,ETF,Asien,Länder ETF,true,A,Kuratiertes Prognoseuniversum
2026.08.11-v1,EWY,iShares MSCI South Korea ETF,ETF,Asien,Länder ETF,true,A,Kuratiertes Prognoseuniversum
2026.08.11-v1,INDA,iShares MSCI India ETF,ETF,Asien,Länder ETF,true,A,Kuratiertes Prognoseuniversum
2026.08.11-v1,MCHI,iShares MSCI China ETF,ETF,Asien,Länder ETF,true,A,Kuratiertes Prognoseuniversum
2026.08.11-v1,EWA,iShares MSCI Australia ETF,ETF,Australien,Länder ETF,true,A,Kuratiertes Prognoseuniversum
2026.08.11-v1,EWG,iShares MSCI Germany ETF,ETF,Europa,Länder ETF,true,A,Kuratiertes Prognoseuniversum
2026.08.11-v1,EWL,iShares MSCI Switzerland ETF,ETF,Europa,Länder ETF,true,A,Kuratiertes Prognoseuniversum
2026.08.11-v1,EWQ,iShares MSCI France ETF,ETF,Europa,Länder ETF,true,A,Kuratiertes Prognoseuniversum
2026.08.11-v1,EXSA.DE,iShares STOXX Europe 600 UCITS ETF,ETF,Europa,Regionen ETF,true,A,Kuratiertes Prognoseuniversum
2026.08.11-v1,ACWI,iShares MSCI ACWI ETF,ETF,Global,Welt ETF,true,A,Kuratiertes Prognoseuniversum
2026.08.11-v1,BOTZ,Global X Robotics and AI ETF,ETF,Global,Themen ETF,true,A,Kuratiertes Prognoseuniversum
2026.08.11-v1,EEM,iShares MSCI Emerging Markets ETF,ETF,Global,Schwellenländer ETF,true,A,Kuratiertes Prognoseuniversum
2026.08.11-v1,EUNL.DE,iShares Core MSCI World UCITS ETF,ETF,Global,Welt ETF,true,A,Kuratiertes Prognoseuniversum
2026.08.11-v1,GLD,SPDR Gold Shares,ETF,Global,Rohstoff ETF,true,A,Kuratiertes Prognoseuniversum
2026.08.11-v1,IAU,iShares Gold Trust,ETF,Global,Rohstoff ETF,true,A,Kuratiertes Prognoseuniversum
2026.08.11-v1,ICLN,iShares Global Clean Energy ETF,ETF,Global,Themen ETF,true,A,Kuratiertes Prognoseuniversum
2026.08.11-v1,IQQH.DE,iShares Global Clean Energy UCITS ETF,ETF,Global,Themen ETF,true,A,Kuratiertes Prognoseuniversum
2026.08.11-v1,IQQQ.DE,iShares Global Water UCITS ETF,ETF,Global,Themen ETF,true,A,Kuratiertes Prognoseuniversum
2026.08.11-v1,IWDA.AS,iShares Core MSCI World UCITS ETF,ETF,Global,Welt ETF,true,A,Kuratiertes Prognoseuniversum
2026.08.11-v1,SMH,VanEck Semiconductor ETF,ETF,Global,Halbleiter ETF,true,A,Kuratiertes Prognoseuniversum
2026.08.11-v1,SOXX,iShares Semiconductor ETF,ETF,Global,Halbleiter ETF,true,A,Kuratiertes Prognoseuniversum
2026.08.11-v1,SPY,SPDR S and P 500 ETF,ETF,Global,Welt ETF,true,A,Kuratiertes Prognoseuniversum
2026.08.11-v1,TAN,Invesco Solar ETF,ETF,Global,Themen ETF,true,A,Kuratiertes Prognoseuniversum
2026.08.11-v1,URTH,iShares MSCI World ETF,ETF,Global,Welt ETF,true,A,Kuratiertes Prognoseuniversum
2026.08.11-v1,VEA,Vanguard Developed Markets ETF,ETF,Global,Regionen ETF,true,A,Kuratiertes Prognoseuniversum
2026.08.11-v1,VT,Vanguard Total World Stock ETF,ETF,Global,Welt ETF,true,A,Kuratiertes Prognoseuniversum
2026.08.11-v1,VWCE.DE,Vanguard FTSE All World UCITS ETF,ETF,Global,Welt ETF,true,A,Kuratiertes Prognoseuniversum
2026.08.11-v1,VWO,Vanguard Emerging Markets ETF,ETF,Global,Schwellenländer ETF,true,A,Kuratiertes Prognoseuniversum
2026.08.11-v1,EWC,iShares MSCI Canada ETF,ETF,Nordamerika,Länder ETF,true,A,Kuratiertes Prognoseuniversum
2026.08.11-v1,EWZ,iShares MSCI Brazil ETF,ETF,Südamerika,Länder ETF,true,A,Kuratiertes Prognoseuniversum
2026.08.11-v1,AGG,iShares Core US Aggregate Bond ETF,ETF,USA,Anleihen ETF,true,A,Kuratiertes Prognoseuniversum
2026.08.11-v1,ARKK,ARK Innovation ETF,ETF,USA,Themen ETF,true,A,Kuratiertes Prognoseuniversum
2026.08.11-v1,CSPX.L,iShares Core S and P 500 UCITS ETF,ETF,USA,Breitmarkt ETF,true,A,Kuratiertes Prognoseuniversum
2026.08.11-v1,DIA,SPDR Dow Jones Industrial Average ETF,ETF,USA,Breitmarkt ETF,true,A,Kuratiertes Prognoseuniversum
2026.08.11-v1,IGV,iShares Expanded Tech Software ETF,ETF,USA,Software ETF,true,A,Kuratiertes Prognoseuniversum
2026.08.11-v1,IJH,iShares Core S and P Mid Cap ETF,ETF,USA,Mid Cap ETF,true,A,Kuratiertes Prognoseuniversum
2026.08.11-v1,IJR,iShares Core S and P Small Cap ETF,ETF,USA,Small Cap ETF,true,A,Kuratiertes Prognoseuniversum
2026.08.11-v1,IVV,iShares Core S and P 500 ETF,ETF,USA,Breitmarkt ETF,true,A,Kuratiertes Prognoseuniversum
2026.08.11-v1,IWM,iShares Russell 2000 ETF,ETF,USA,Small Cap ETF,true,A,Kuratiertes Prognoseuniversum
2026.08.11-v1,QQQ,Invesco QQQ Trust,ETF,USA,Technologie ETF,true,A,Kuratiertes Prognoseuniversum
2026.08.11-v1,RSP,Invesco S and P 500 Equal Weight ETF,ETF,USA,Breitmarkt ETF,true,A,Kuratiertes Prognoseuniversum
2026.08.11-v1,SCHD,Schwab US Dividend Equity ETF,ETF,USA,Dividenden ETF,true,A,Kuratiertes Prognoseuniversum
2026.08.11-v1,SXR8.DE,iShares Core S and P 500 UCITS ETF,ETF,USA,Breitmarkt ETF,true,A,Kuratiertes Prognoseuniversum
2026.08.11-v1,TLT,iShares 20 Plus Year Treasury Bond ETF,ETF,USA,Anleihen ETF,true,A,Kuratiertes Prognoseuniversum
2026.08.11-v1,VIG,Vanguard Dividend Appreciation ETF,ETF,USA,Dividenden ETF,true,A,Kuratiertes Prognoseuniversum
2026.08.11-v1,VTI,Vanguard Total Stock Market ETF,ETF,USA,Breitmarkt ETF,true,A,Kuratiertes Prognoseuniversum
2026.08.11-v1,VTV,Vanguard Value ETF,ETF,USA,Value ETF,true,A,Kuratiertes Prognoseuniversum
2026.08.11-v1,VUG,Vanguard Growth ETF,ETF,USA,Wachstum ETF,true,A,Kuratiertes Prognoseuniversum
2026.08.11-v1,VUSA.AS,Vanguard S and P 500 UCITS ETF,ETF,USA,Breitmarkt ETF,true,A,Kuratiertes Prognoseuniversum
2026.08.11-v1,XLB,Materials Select Sector SPDR Fund,ETF,USA,Sektor ETF,true,A,Kuratiertes Prognoseuniversum
2026.08.11-v1,XLE,Energy Select Sector SPDR Fund,ETF,USA,Sektor ETF,true,A,Kuratiertes Prognoseuniversum
2026.08.11-v1,XLF,Financial Select Sector SPDR Fund,ETF,USA,Sektor ETF,true,A,Kuratiertes Prognoseuniversum
2026.08.11-v1,XLI,Industrial Select Sector SPDR Fund,ETF,USA,Sektor ETF,true,A,Kuratiertes Prognoseuniversum
2026.08.11-v1,XLK,Technology Select Sector SPDR Fund,ETF,USA,Sektor ETF,true,A,Kuratiertes Prognoseuniversum
2026.08.11-v1,XLP,Consumer Staples Select Sector SPDR Fund,ETF,USA,Sektor ETF,true,A,Kuratiertes Prognoseuniversum
2026.08.11-v1,XLRE,Real Estate Select Sector SPDR Fund,ETF,USA,Sektor ETF,true,A,Kuratiertes Prognoseuniversum
2026.08.11-v1,XLU,Utilities Select Sector SPDR Fund,ETF,USA,Sektor ETF,true,A,Kuratiertes Prognoseuniversum
2026.08.11-v1,XLV,Health Care Select Sector SPDR Fund,ETF,USA,Sektor ETF,true,A,Kuratiertes Prognoseuniversum
2026.08.11-v1,XLY,Consumer Discretionary Select Sector SPDR Fund,ETF,USA,Sektor ETF,true,A,Kuratiertes Prognoseuniversum
2026.08.11-v1,AAVE-USD,Aave,Krypto,Global,Kryptowährung,true,A,Kuratiertes Prognoseuniversum
2026.08.11-v1,ADA-USD,Cardano,Krypto,Global,Kryptowährung,true,A,Kuratiertes Prognoseuniversum
2026.08.11-v1,ALGO-USD,Algorand,Krypto,Global,Kryptowährung,true,A,Kuratiertes Prognoseuniversum
2026.08.11-v1,APT21794-USD,Aptos,Krypto,Global,Kryptowährung,true,A,Kuratiertes Prognoseuniversum
2026.08.11-v1,ATOM-USD,Cosmos,Krypto,Global,Kryptowährung,true,A,Kuratiertes Prognoseuniversum
2026.08.11-v1,AVAX-USD,Avalanche,Krypto,Global,Kryptowährung,true,A,Kuratiertes Prognoseuniversum
2026.08.11-v1,BCH-USD,Bitcoin Cash,Krypto,Global,Kryptowährung,true,A,Kuratiertes Prognoseuniversum
2026.08.11-v1,BNB-USD,BNB,Krypto,Global,Kryptowährung,true,A,Kuratiertes Prognoseuniversum
2026.08.11-v1,BTC-USD,Bitcoin,Krypto,Global,Kryptowährung,true,A,Kuratiertes Prognoseuniversum
2026.08.11-v1,DOGE-USD,Dogecoin,Krypto,Global,Kryptowährung,true,A,Kuratiertes Prognoseuniversum
2026.08.11-v1,DOT-USD,Polkadot,Krypto,Global,Kryptowährung,true,A,Kuratiertes Prognoseuniversum
2026.08.11-v1,ETC-USD,Ethereum Classic,Krypto,Global,Kryptowährung,true,A,Kuratiertes Prognoseuniversum
2026.08.11-v1,ETH-USD,Ethereum,Krypto,Global,Kryptowährung,true,A,Kuratiertes Prognoseuniversum
2026.08.11-v1,FIL-USD,Filecoin,Krypto,Global,Kryptowährung,true,A,Kuratiertes Prognoseuniversum
2026.08.11-v1,HBAR-USD,Hedera,Krypto,Global,Kryptowährung,true,A,Kuratiertes Prognoseuniversum
2026.08.11-v1,ICP-USD,Internet Computer,Krypto,Global,Kryptowährung,true,A,Kuratiertes Prognoseuniversum
2026.08.11-v1,LINK-USD,Chainlink,Krypto,Global,Kryptowährung,true,A,Kuratiertes Prognoseuniversum
2026.08.11-v1,LTC-USD,Litecoin,Krypto,Global,Kryptowährung,true,A,Kuratiertes Prognoseuniversum
2026.08.11-v1,MATIC-USD,Polygon,Krypto,Global,Kryptowährung,true,A,Kuratiertes Prognoseuniversum
2026.08.11-v1,MKR-USD,Maker,Krypto,Global,Kryptowährung,true,A,Kuratiertes Prognoseuniversum
2026.08.11-v1,NEAR-USD,NEAR Protocol,Krypto,Global,Kryptowährung,true,A,Kuratiertes Prognoseuniversum
2026.08.11-v1,SHIB-USD,Shiba Inu,Krypto,Global,Kryptowährung,true,A,Kuratiertes Prognoseuniversum
2026.08.11-v1,SOL-USD,Solana,Krypto,Global,Kryptowährung,true,A,Kuratiertes Prognoseuniversum
2026.08.11-v1,TRX-USD,TRON,Krypto,Global,Kryptowährung,true,A,Kuratiertes Prognoseuniversum
2026.08.11-v1,UNI7083-USD,Uniswap,Krypto,Global,Kryptowährung,true,A,Kuratiertes Prognoseuniversum
2026.08.11-v1,USDC-USD,USD Coin,Krypto,Global,Stablecoin,true,A,Kuratiertes Prognoseuniversum
2026.08.11-v1,USDT-USD,Tether,Krypto,Global,Stablecoin,true,A,Kuratiertes Prognoseuniversum
2026.08.11-v1,VET-USD,VeChain,Krypto,Global,Kryptowährung,true,A,Kuratiertes Prognoseuniversum
2026.08.11-v1,XLM-USD,Stellar,Krypto,Global,Kryptowährung,true,A,Kuratiertes Prognoseuniversum
2026.08.11-v1,XRP-USD,XRP,Krypto,Global,Kryptowährung,true,A,Kuratiertes Prognoseuniversum
